task_name,program,search_time,evaluation_time,nb_programs,cumulative_probability,probability
(OR (AT_LEAST_1 3 IS_BLOCK) (ODD_1 IS_HORIZONTAL)),(OR (AT_LEAST_1 3 IS_BLOCK) (ODD_1 IS_HORIZONTAL) var0),1.886831425023047,2.9910763129637417,23229,0.9284214980735659,2.0031463228477017e-06
(OR (AT_LEAST_1 3 IS_BLOCK) (ODD_1 IS_HORIZONTAL)),(OR (AT_LEAST_1 3 IS_UPRIGHT) (ODD_1 IS_HORIZONTAL) var0),2.9261728810806744,4.943269640944891,35763,0.9469336130295382,1.089438979058783e-06
(OR (AT_LEAST_1 3 IS_BLOCK) (ODD_1 IS_HORIZONTAL)),(OR (EXACTLY_1 3 IS_UPRIGHT) (ODD_1 IS_HORIZONTAL) var0),3.0240831520632128,5.141421433937467,37070,0.9483170293840723,1.0261090267090938e-06
(OR (AT_LEAST_1 3 IS_BLOCK) (ODD_1 IS_HORIZONTAL)),(OR (EXACTLY_1 1 IS_RED) (ODD_1 IS_HORIZONTAL) var0),3.1706938620700384,5.418574756921771,38918,0.950136984813211,9.470752625771288e-07
(OR (AT_LEAST_1 3 IS_BLOCK) (ODD_1 IS_HORIZONTAL)),(OR (ODD_1 IS_HORIZONTAL) (AT_LEAST_2 2 IS_YELLOW IS_BLOCK) var0),4.8480710040448685,9.592917424024563,59701,0.9640453393221743,4.715491049716043e-07
(OR (AT_LEAST_1 3 IS_BLOCK) (ODD_1 IS_HORIZONTAL)),(OR (ODD_1 IS_HORIZONTAL) (AT_LEAST_2 3 IS_YELLOW IS_BLOCK) var0),5.089596344043457,10.043975772000522,62651,0.9653796963629677,4.3289856495328253e-07
(OR (AT_LEAST_1 3 IS_BLOCK) (ODD_1 IS_HORIZONTAL)),(OR (ODD_1 IS_HORIZONTAL) (AT_LEAST_2 3 IS_YELLOW IS_VERTICAL) var0),5.139527166061271,10.144156506998115,63251,0.9656370626446211,4.250026761840246e-07
(OR (AT_LEAST_1 3 IS_BLOCK) (ODD_1 IS_HORIZONTAL)),(OR (ODD_1 IS_HORIZONTAL) (EVEN_2 IS_UPRIGHT IS_BLOCK) var0),5.716407873110256,11.238274151000041,70652,0.9684876625413972,3.4832134055183776e-07
(OR (AT_LEAST_1 3 IS_BLOCK) (ODD_1 IS_HORIZONTAL)),(OR (ODD_1 IS_HORIZONTAL) (ODD_2 IS_RED IS_GROUNDED) var0),5.936421695084391,11.668146554992745,73539,0.9694541329645163,3.219326240309454e-07
(OR (AT_LEAST_1 3 IS_BLOCK) (ODD_1 IS_HORIZONTAL)),(OR (ODD_1 IS_HORIZONTAL) (AT_LEAST_2 2 IS_UPRIGHT IS_BLOCK) var0),10.527415044072768,20.40920979794464,131069,0.9799204581414063,1.0098693374505003e-07
(AT_LEAST_1 3 IS_BLUE),(AT_LEAST_1 3 IS_BLUE var0),0.013172455000130867,0.022420890004468674,152,0.3836816662600993,0.0012516414886765556
(AT_LEAST_1 3 IS_BLUE),(OR (EVEN_1 IS_FLAT) (AT_LEAST_1 3 IS_BLUE) var0),0.9937611079294584,2.021137044963325,10955,0.8890619864030975,5.150672457942798e-06
(AT_LEAST_1 3 IS_BLUE),(OR (EXACTLY_1 3 IS_BLUE) (ODD_2 IS_RED IS_UPSIDE_DOWN) var0),1.2760035309365776,2.8433575169310643,15130,0.9069184535584585,3.550124460961724e-06
(AT_LEAST_1 3 IS_BLUE),(OR (AT_LEAST_1 3 IS_BLUE) (EXACTLY_2 2 IS_BLUE IS_PYRAMID) var0),1.4159363889311862,3.253814254923782,17113,0.9134023174344942,3.010117604201432e-06
(AT_LEAST_1 3 IS_BLUE),(OR (AT_LEAST_1 3 IS_BLUE) (MORE_THAN IS_PYRAMID IS_PYRAMID) var0),1.447572025936097,3.3375486679187816,17557,0.9147191355152475,2.9214601566585162e-06
(AT_LEAST_1 3 IS_BLUE),(OR (EXACTLY_1 3 IS_BLUE) (EVEN_2 IS_BLUE IS_UPRIGHT) var0),1.4635777479370518,3.3879763799195644,17802,0.9154281628476811,2.8659364506535027e-06
(AT_LEAST_1 3 IS_BLUE),(OR (AT_LEAST_1 3 IS_BLUE) (EVEN_2 IS_BLUE IS_PYRAMID) var0),1.6155932589254007,3.829663502911899,19986,0.9212293880597417,2.4597803071597673e-06
(AT_LEAST_1 3 IS_BLUE),(OR (AT_LEAST_1 3 IS_BLUE) (MORE_THAN IS_BLOCK IS_BLOCK) var0),1.647718893930687,3.9116877659098463,20467,0.9223921362931291,2.3767034583741307e-06
(AT_LEAST_1 3 IS_BLUE),(OR (EVEN_1 IS_UPSIDE_DOWN) (AT_LEAST_1 3 IS_BLUE) var0),1.7630331499394742,4.236852425903635,22078,0.9260316726594909,2.152069447758206e-06
(AT_LEAST_1 3 IS_BLUE),(OR (EXACTLY_1 3 IS_BLUE) (EXACTLY_1 3 IS_PYRAMID) var0),1.7947918279487567,4.3264275068986535,22534,0.9269989053491811,2.092269612662236e-06
(OR (EVEN_1 IS_PYRAMID) (MORE_THAN IS_HORIZONTAL IS_VERTICAL)),(OR (ODD_1 IS_CHEESECAKE) (MORE_THAN IS_FLAT IS_VERTICAL) var0),6.408658825128441,9.904684839001675,95022,0.9748410145760624,1.95022536028484e-07
(OR (EVEN_1 IS_PYRAMID) (MORE_THAN IS_HORIZONTAL IS_VERTICAL)),(OR (AT_LEAST_1 2 IS_WEDGE) (MORE_THAN IS_HORIZONTAL IS_VERTICAL) var0),11.520977147240956,16.16595748396412,171367,0.9829538348619524,5.590437245039187e-08
(OR (EVEN_1 IS_PYRAMID) (MORE_THAN IS_HORIZONTAL IS_VERTICAL)),(OR (EXACTLY_1 1 IS_CHEESECAKE) (MORE_THAN IS_FLAT IS_VERTICAL) var0),12.09025781024502,16.795500689006985,179086,0.9833662209895658,5.1072372719013084e-08
(OR (EVEN_1 IS_PYRAMID) (MORE_THAN IS_HORIZONTAL IS_VERTICAL)),(OR (EVEN_1 IS_PYRAMID) (MORE_THAN IS_HORIZONTAL IS_VERTICAL) var0),12.73436913527803,18.46843626001555,188387,0.9838168268217691,4.591982305002672e-08
(OR (EVEN_1 IS_PYRAMID) (MORE_THAN IS_HORIZONTAL IS_VERTICAL)),(OR (ODD_1 IS_CHEESECAKE) (MORE_THAN IS_HORIZONTAL IS_VERTICAL) var0),14.141419625296294,19.926725496072322,210259,0.9847144605147411,3.6815947018353784e-08
(OR (EVEN_1 IS_PYRAMID) (MORE_THAN IS_HORIZONTAL IS_VERTICAL)),(OR (EXACTLY_1 2 IS_PYRAMID) (MORE_THAN IS_HORIZONTAL IS_VERTICAL) var0),16.029081404279168,21.89629820202481,238335,0.9856325166801744,2.9035203252836794e-08
(OR (EVEN_1 IS_PYRAMID) (MORE_THAN IS_HORIZONTAL IS_VERTICAL)),(OR (EVEN_1 IS_WEDGE) (MORE_THAN IS_HORIZONTAL IS_VERTICAL) var0),18.48969141831276,24.478481852019286,275764,0.9865834120834533,2.225757016892515e-08
(OR (EVEN_1 IS_PYRAMID) (MORE_THAN IS_HORIZONTAL IS_VERTICAL)),(OR (AT_LEAST_1 1 IS_CHEESECAKE) (MORE_THAN IS_FLAT IS_VERTICAL) var0),22.396009998326008,28.4360295469869,331903,0.9876412433394917,1.602298627336558e-08
(OR (EVEN_1 IS_PYRAMID) (MORE_THAN IS_HORIZONTAL IS_VERTICAL)),(OR (EXACTLY_1 2 IS_WEDGE) (MORE_THAN IS_HORIZONTAL IS_VERTICAL) var0),28.371823909355953,35.704160773073454,418643,0.9887845113562114,1.0960090076502632e-08
(OR (EVEN_1 IS_PYRAMID) (MORE_THAN IS_HORIZONTAL IS_VERTICAL)),(OR (EXACTLY_1 1 IS_CHEESECAKE) (MORE_THAN IS_HORIZONTAL IS_VERTICAL) var0),30.89514164648699,39.63081358301406,455555,0.9891636732736541,9.641335849771632e-09
(AT_LEAST_2 2 IS_YELLOW IS_PYRAMID),(EVEN_2 IS_YELLOW IS_PYRAMID var0),0.002647003002493875,0.006798398998398625,54,0.21388802972414928,0.00258162978142363
(AT_LEAST_2 2 IS_YELLOW IS_PYRAMID),(EXACTLY_2 2 IS_YELLOW IS_PYRAMID var0),0.009394845008500852,0.022981989004620118,179,0.4148802583035323,0.0010710759744541533
(AT_LEAST_2 2 IS_YELLOW IS_PYRAMID),(AT_LEAST_2 2 IS_YELLOW IS_PYRAMID var0),0.009742576007738535,0.024204156003179378,186,0.4221618839613668,0.0010290781770561043
(AT_LEAST_2 2 IS_YELLOW IS_PYRAMID),(OR (EVEN_1 IS_PYRAMID) (AT_LEAST_2 2 IS_YELLOW IS_PYRAMID) var0),0.7399763110361164,1.4212624139936452,10801,0.8882629921172589,5.231461986881008e-06
(AT_LEAST_2 2 IS_YELLOW IS_PYRAMID),(OR (EVEN_1 IS_BLUE) (AT_LEAST_2 2 IS_YELLOW IS_PYRAMID) var0),0.7535940920352004,1.4546453549983198,11012,0.8893546367311621,5.115417035609916e-06
(AT_LEAST_2 2 IS_YELLOW IS_PYRAMID),(OR (EVEN_1 IS_PYRAMID) (EXACTLY_2 2 IS_YELLOW IS_PYRAMID) var0),0.9760587610089715,2.0202174349951747,14612,0.9050411856625309,3.7047855881017684e-06
(AT_LEAST_2 2 IS_YELLOW IS_PYRAMID),(OR (EVEN_1 IS_BLUE) (EXACTLY_2 2 IS_YELLOW IS_PYRAMID) var0),0.9920338560114033,2.06753739299711,14870,0.9059861523012126,3.6226055657448757e-06
(AT_LEAST_2 2 IS_YELLOW IS_PYRAMID),(OR (EXACTLY_1 2 IS_PYRAMID) (AT_LEAST_2 2 IS_YELLOW IS_PYRAMID) var0),1.061487286996453,2.240721579991259,15964,0.9097755155665039,3.307864708735873e-06
(AT_LEAST_2 2 IS_YELLOW IS_PYRAMID),(OR (EVEN_1 IS_PYRAMID) (AT_LEAST_1 3 IS_UPRIGHT) var0),1.1956470160093886,2.548756292983853,17962,0.9158843828300671,2.8353097173109777e-06
(AT_LEAST_2 2 IS_YELLOW IS_PYRAMID),(OR (EXACTLY_1 2 IS_BLUE) (AT_LEAST_2 2 IS_YELLOW IS_PYRAMID) var0),1.198614878007902,2.558750893981596,18006,0.9160089321737764,2.825919364613546e-06
(EVEN_INTERACTION (POINTING IS_RED IS_FLAT)),(AT_LEAST_2 2 IS_RED IS_GROUNDED var0),0.03563287399992987,0.06832254400887905,331,0.5299049853639819,0.0005257105267638576
(EVEN_INTERACTION (POINTING IS_RED IS_FLAT)),(AT_LEAST_2 2 IS_RED IS_HORIZONTAL var0),0.09549619198514847,0.140679129007367,972,0.6889922623514084,0.00013240060603525753
(EVEN_INTERACTION (POINTING IS_RED IS_FLAT)),(EVEN_INTERACTION (POINTING IS_RED IS_FLAT) var0),0.14036605397723179,0.18470576999789046,1454,0.7382289031979816,7.758472558086185e-05
(EVEN_INTERACTION (POINTING IS_RED IS_FLAT)),(AT_LEAST_1 2 IS_RED var0),0.15850288597812323,0.20728480799698445,1646,0.7518092534261341,6.398876545409139e-05
(EVEN_INTERACTION (POINTING IS_RED IS_FLAT)),(OR (EVEN_1 IS_RED) (AT_LEAST_1 2 IS_RED) var0),0.22059850596906472,0.2859085449917984,2317,0.7846170171302567,3.783449288777925e-05
(EVEN_INTERACTION (POINTING IS_RED IS_FLAT)),(OR (AT_LEAST_1 2 IS_RED) (AT_LEAST_1 2 IS_RED) var0),0.22416463997251412,0.2908210249943295,2351,0.7858835422454477,3.6917835520588045e-05
(EVEN_INTERACTION (POINTING IS_RED IS_FLAT)),(EVEN_INTERACTION (POINTING IS_RED IS_HORIZONTAL) var0),0.2546639069751109,0.3495283069969446,2730,0.7984178616076031,2.9952753205100792e-05
(EVEN_INTERACTION (POINTING IS_RED IS_FLAT)),(AT_LEAST_INTERACTION 1 (POINTING IS_RED IS_FLAT) var0),0.2857975569768314,0.39870059799977753,3099,0.8084316118207238,2.450616559401257e-05
(EVEN_INTERACTION (POINTING IS_RED IS_FLAT)),(OR (EVEN_1 IS_VERTICAL) (AT_LEAST_1 2 IS_RED) var0),0.30847546897803113,0.45105432299624226,3405,0.8154672299569434,2.164331471388253e-05
(EVEN_INTERACTION (POINTING IS_RED IS_FLAT)),(OR (AT_LEAST_1 2 IS_RED) (MORE_THAN IS_PYRAMID IS_PYRAMID) var0),0.3163610969804722,0.4673655790011253,3506,0.8176130348420891,2.082858884813048e-05
(AND (AT_LEAST_1 3 IS_RED) (EXACTLY_1 1 IS_PYRAMID)),(AT_LEAST_1 3 IS_RED var0),0.1010368619899964,0.1233979350208756,1241,0.7195335735284135,9.802852807526536e-05
(AND (AT_LEAST_1 3 IS_RED) (EXACTLY_1 1 IS_PYRAMID)),(OR (EVEN_1 IS_PYRAMID) (AT_LEAST_1 3 IS_RED) var0),0.49868044701452163,0.9154484560112905,6144,0.8550167775842001,1.0100893567683212e-05
(AND (AT_LEAST_1 3 IS_RED) (EXACTLY_1 1 IS_PYRAMID)),(OR (AT_LEAST_1 3 IS_RED) (AT_LEAST_2 1 IS_YELLOW IS_FLAT) var0),0.5423132210253243,1.025387907030563,6715,0.8604724344622371,9.089243072683928e-06
(AND (AT_LEAST_1 3 IS_RED) (EXACTLY_1 1 IS_PYRAMID)),(OR (AT_LEAST_1 3 IS_RED) (EVEN_2 IS_BLUE IS_BLOCK) var0),0.5675918610249937,1.097013419034738,7066,0.8635662203509075,8.532419881025096e-06
(AND (AT_LEAST_1 3 IS_RED) (EXACTLY_1 1 IS_PYRAMID)),(OR (EVEN_1 IS_YELLOW) (AT_LEAST_1 3 IS_RED) var0),0.5951754010184231,1.1687291440448462,7480,0.8669723997964888,7.947578455823884e-06
(AND (AT_LEAST_1 3 IS_RED) (EXACTLY_1 1 IS_PYRAMID)),(OR (AT_LEAST_1 3 IS_RED) (EXACTLY_2 2 IS_BLUE IS_PYRAMID) var0),0.6435738820146071,1.2985714450551313,8145,0.8719998838484768,7.195387944751463e-06
(AND (AT_LEAST_1 3 IS_RED) (EXACTLY_1 1 IS_PYRAMID)),(OR (AT_LEAST_1 3 IS_RED) (MORE_THAN IS_PYRAMID IS_PYRAMID) var0),0.6592284130138069,1.3471331650544016,8374,0.8736230696393757,6.983461098978948e-06
(AND (AT_LEAST_1 3 IS_RED) (EXACTLY_1 1 IS_PYRAMID)),(OR (EXACTLY_1 2 IS_PYRAMID) (AT_LEAST_1 3 IS_RED) var0),0.7073348250087292,1.4773403990693623,9080,0.8783361215061634,6.386816810104915e-06
(AND (AT_LEAST_1 3 IS_RED) (EXACTLY_1 1 IS_PYRAMID)),(OR (AT_LEAST_1 3 IS_RED) (EVEN_2 IS_BLUE IS_PYRAMID) var0),0.7531381860244437,1.622501131082572,9759,0.8824857788458759,5.879861153654131e-06
(AND (AT_LEAST_1 3 IS_RED) (EXACTLY_1 1 IS_PYRAMID)),(OR (AT_LEAST_1 3 IS_RED) (EXACTLY_2 2 IS_BLUE IS_HORIZONTAL) var0),0.7532209830251304,1.6242327670825034,9760,0.8824916584640592,5.879618183332864e-06
(MORE_THAN IS_WEDGE IS_CHEESECAKE),(MORE_THAN IS_WEDGE IS_CHEESECAKE var0),0.019941037997341482,0.03456977700807329,204,0.4395640804477467,0.0009230899942614837
(MORE_THAN IS_WEDGE IS_CHEESECAKE),(OR (AT_LEAST_1 2 IS_WEDGE) (MORE_THAN IS_WEDGE IS_CHEESECAKE) var0),0.8256595749944609,1.791858678002427,11118,0.8898934775568907,5.05350152867854e-06
(MORE_THAN IS_WEDGE IS_CHEESECAKE),(OR (EVEN_1 IS_WEDGE) (MORE_THAN IS_WEDGE IS_CHEESECAKE) var0),1.6565798459514554,4.188165100978949,23162,0.9282869923912047,2.011983544146809e-06
(MORE_THAN IS_WEDGE IS_CHEESECAKE),(OR (EXACTLY_1 3 IS_PYRAMID) (MORE_THAN IS_WEDGE IS_CHEESECAKE) var0),1.7314562029241642,4.407678924989341,23923,0.9297835118545072,1.922242906656089e-06
(MORE_THAN IS_WEDGE IS_CHEESECAKE),(OR (AT_LEAST_1 3 IS_WEDGE) (MORE_THAN IS_WEDGE IS_CHEESECAKE) var0),1.8862545389210936,4.867238391991123,26354,0.9341675485197276,1.6943518293199335e-06
(MORE_THAN IS_WEDGE IS_CHEESECAKE),(OR (EXACTLY_1 2 IS_CHEESECAKE) (MORE_THAN IS_WEDGE IS_CHEESECAKE) var0),2.1915352848945986,5.757560323980215,31166,0.9413917234715912,1.334236388752772e-06
(MORE_THAN IS_WEDGE IS_CHEESECAKE),(OR (EVEN_1 IS_CHEESECAKE) (MORE_THAN IS_WEDGE IS_CHEESECAKE) var0),2.561569748879265,6.850802016999296,36602,0.9478313985467032,1.0496120388192525e-06
(MORE_THAN IS_WEDGE IS_CHEESECAKE),(OR (EXACTLY_1 2 IS_WEDGE) (MORE_THAN IS_WEDGE IS_CHEESECAKE) var0),2.6512445219086658,7.131254050984353,37838,0.9490916222121981,9.907424009794701e-07
(MORE_THAN IS_WEDGE IS_CHEESECAKE),(OR (EXACTLY_1 3 IS_CHEESECAKE) (MORE_THAN IS_WEDGE IS_CHEESECAKE) var0),2.674751139910768,7.1981815149811155,38149,0.9493977153399278,9.771687077609363e-07
(MORE_THAN IS_WEDGE IS_CHEESECAKE),(OR (EXACTLY_1 3 IS_WEDGE) (MORE_THAN IS_WEDGE IS_CHEESECAKE) var0),3.226943960900826,8.79241454899693,46076,0.9560748440625851,7.256004107293651e-07
(MORE_THAN IS_UPRIGHT IS_YELLOW),(MORE_THAN IS_UPRIGHT IS_YELLOW var0),0.01225655599955644,0.02070478900168382,203,0.4386409977806301,0.0009276884577501058
(MORE_THAN IS_UPRIGHT IS_YELLOW),(MORE_THAN IS_VERTICAL IS_YELLOW var0),0.014666631996988144,0.025817839004048437,239,0.4700641450859482,0.0008285218654575211
(MORE_THAN IS_UPRIGHT IS_YELLOW),(OR (EVEN_1 IS_UPRIGHT) (MORE_THAN IS_UPRIGHT IS_YELLOW) var0),0.45418442502977996,0.7050462379866076,5995,0.8534876309716668,1.0427389966892506e-05
(MORE_THAN IS_UPRIGHT IS_YELLOW),(OR (EVEN_1 IS_BLUE) (MORE_THAN IS_UPRIGHT IS_YELLOW) var0),0.45551272703050927,0.7097678059881218,6014,0.8536853060230717,1.0391430356559343e-05
(MORE_THAN IS_UPRIGHT IS_YELLOW),(OR (EXACTLY_1 2 IS_BLUE) (MORE_THAN IS_UPRIGHT IS_YELLOW) var0),0.7309889709995332,1.3343738219609804,9995,0.883856059679341,5.740557234378611e-06
(MORE_THAN IS_UPRIGHT IS_YELLOW),(OR (AT_LEAST_1 2 IS_BLUE) (MORE_THAN IS_UPRIGHT IS_YELLOW) var0),0.7581877560069188,1.4007896609518866,10408,0.8861639699179584,5.447960327763035e-06
(MORE_THAN IS_UPRIGHT IS_YELLOW),(OR (EXACTLY_1 3 IS_PYRAMID) (MORE_THAN IS_UPRIGHT IS_YELLOW) var0),0.8260716280019551,1.5521686329720978,11423,0.8914147586664041,4.921288149429573e-06
(MORE_THAN IS_UPRIGHT IS_YELLOW),(OR (AT_LEAST_1 3 IS_RED) (MORE_THAN IS_UPRIGHT IS_YELLOW) var0),0.9125729540191969,1.7731556389671823,12727,0.8974529560761826,4.366323219000524e-06
(MORE_THAN IS_UPRIGHT IS_YELLOW),(OR (AT_LEAST_1 3 IS_WEDGE) (MORE_THAN IS_UPRIGHT IS_YELLOW) var0),0.9170561740229459,1.7861222219653428,12799,0.897766264510484,4.337845953002919e-06
(MORE_THAN IS_UPRIGHT IS_YELLOW),(OR (EXACTLY_1 3 IS_BLUE) (MORE_THAN IS_UPRIGHT IS_YELLOW) var0),0.941910365021613,1.8517771799570255,13156,0.899291557994054,4.2042721528447675e-06
(AT_LEAST_INTERACTION 1 (ON_TOP_OF IS_YELLOW IS_CHEESECAKE)),(AT_LEAST_INTERACTION 1 (TOUCHING IS_WEDGE IS_YELLOW) var0),0.08509972800129617,0.08074647700959758,878,0.6758202335884828,0.0001489508731627524
(AT_LEAST_INTERACTION 1 (ON_TOP_OF IS_YELLOW IS_CHEESECAKE)),(ODD_INTERACTION (ON_TOP_OF IS_YELLOW IS_WEDGE) var0),0.10021868399599043,0.09240617900923098,1061,0.7000890946342209,0.00011864375816584726
(AT_LEAST_INTERACTION 1 (ON_TOP_OF IS_YELLOW IS_CHEESECAKE)),(ODD_INTERACTION (ON_TOP_OF IS_YELLOW IS_HORIZONTAL) var0),0.12527867298740603,0.11251576800896146,1363,0.7307827274086273,8.619478109089137e-05
(AT_LEAST_INTERACTION 1 (ON_TOP_OF IS_YELLOW IS_CHEESECAKE)),(AT_LEAST_INTERACTION 1 (TOUCHING IS_CHEESECAKE IS_YELLOW) var0),0.15695954398597678,0.13743885599978967,1731,0.7570213975090938,5.820744999519019e-05
(AT_LEAST_INTERACTION 1 (ON_TOP_OF IS_YELLOW IS_CHEESECAKE)),(ODD_INTERACTION (ON_TOP_OF IS_YELLOW IS_CHEESECAKE) var0),0.24007979798807355,0.22558068999569514,2772,0.7996600429812838,2.929765660697532e-05
(AT_LEAST_INTERACTION 1 (ON_TOP_OF IS_YELLOW IS_CHEESECAKE)),(AT_LEAST_INTERACTION 1 (ON_TOP_OF IS_YELLOW IS_WEDGE) var0),0.24325212598705548,0.2311797559968909,2803,0.8005585754669933,2.8707994428332148e-05
(AT_LEAST_INTERACTION 1 (ON_TOP_OF IS_YELLOW IS_CHEESECAKE)),(AT_LEAST_INTERACTION 1 (ON_TOP_OF IS_YELLOW IS_HORIZONTAL) var0),0.30322422898916557,0.3207919649921678,3502,0.8175296641869559,2.0856379918863034e-05
(AT_LEAST_INTERACTION 1 (ON_TOP_OF IS_YELLOW IS_CHEESECAKE)),(EXACTLY_INTERACTION 1 (ON_TOP_OF IS_YELLOW IS_WEDGE) var0),0.30483853199075384,0.32478638199154375,3523,0.8179656142012182,2.0684764400047143e-05
(AT_LEAST_INTERACTION 1 (ON_TOP_OF IS_YELLOW IS_CHEESECAKE)),(EXACTLY_INTERACTION 1 (ON_TOP_OF IS_YELLOW IS_HORIZONTAL) var0),0.3791693779894558,0.445331320992409,4453,0.834274699106485,1.5027497164127734e-05
(AT_LEAST_INTERACTION 1 (ON_TOP_OF IS_YELLOW IS_CHEESECAKE)),(AT_LEAST_INTERACTION 1 (ON_TOP_OF IS_YELLOW IS_CHEESECAKE) var0),0.6724376949450743,1.007862052962082,8258,0.8728068278878144,7.089095757237636e-06
(EVEN_INTERACTION (TOUCHING IS_HORIZONTAL IS_UPSIDE_DOWN)),(ODD_INTERACTION (TOUCHING IS_UPSIDE_DOWN IS_HORIZONTAL) var0),0.16814033302125608,0.19345652601532493,1714,0.7560199912254232,5.966490185218168e-05
(EVEN_INTERACTION (TOUCHING IS_HORIZONTAL IS_UPSIDE_DOWN)),(EXACTLY_INTERACTION 1 (TOUCHING IS_UPSIDE_DOWN IS_HORIZONTAL) var0),0.2154896790325438,0.25520795101328986,2256,0.7822579254812111,3.958243516687809e-05
(EVEN_INTERACTION (TOUCHING IS_HORIZONTAL IS_UPSIDE_DOWN)),(AT_LEAST_INTERACTION 1 (TOUCHING IS_UPSIDE_DOWN IS_HORIZONTAL) var0),0.2239491710315633,0.2658385050144716,2343,0.7855878703951407,3.7041439669163185e-05
(EVEN_INTERACTION (TOUCHING IS_HORIZONTAL IS_UPSIDE_DOWN)),(ODD_INTERACTION (TOUCHING IS_UPSIDE_DOWN IS_FLAT) var0),0.24618168903270998,0.3044322930063572,2564,0.793251164263331,3.2281933239853876e-05
(EVEN_INTERACTION (TOUCHING IS_HORIZONTAL IS_UPSIDE_DOWN)),(EXACTLY_INTERACTION 1 (TOUCHING IS_UPSIDE_DOWN IS_FLAT) var0),0.32048515803035116,0.41753465300917014,3431,0.8160277442826026,2.141623450070721e-05
(EVEN_INTERACTION (TOUCHING IS_HORIZONTAL IS_UPSIDE_DOWN)),(AT_LEAST_INTERACTION 1 (TOUCHING IS_UPSIDE_DOWN IS_FLAT) var0),0.33431390803525574,0.446863297015625,3599,0.8195140082919647,2.0041418746828577e-05
(EVEN_INTERACTION (TOUCHING IS_HORIZONTAL IS_UPSIDE_DOWN)),(ODD_INTERACTION (TOUCHING IS_UPSIDE_DOWN IS_GROUNDED) var0),0.5537524680430579,0.9405598110206483,6602,0.8594355845689334,9.257703087246253e-06
(EVEN_INTERACTION (TOUCHING IS_HORIZONTAL IS_UPSIDE_DOWN)),(EXACTLY_INTERACTION 1 (TOUCHING IS_UPSIDE_DOWN IS_GROUNDED) var0),0.7400409870278963,1.4074778840085855,9362,0.8801009476961061,6.1416749356763205e-06
(EVEN_INTERACTION (TOUCHING IS_HORIZONTAL IS_UPSIDE_DOWN)),(AT_LEAST_INTERACTION 1 (TOUCHING IS_UPSIDE_DOWN IS_GROUNDED) var0),0.7822459580193026,1.5226252920010666,9978,0.8837584060273975,5.747409946819829e-06
(EVEN_INTERACTION (TOUCHING IS_HORIZONTAL IS_UPSIDE_DOWN)),(AT_LEAST_INTERACTION 2 (TOUCHING IS_GROUNDED IS_BLOCK) var0),0.8387667690303715,1.673166783992201,10781,0.8881582387548179,5.243143339900458e-06
(EXACTLY_2 3 IS_BLUE IS_FLAT),(AT_LEAST_1 3 IS_BLUE var0),0.009299386996644898,0.01643477899233403,152,0.3836816662600993,0.0012516414886765556
(EXACTLY_2 3 IS_BLUE IS_FLAT),(AT_LEAST_1 2 IS_BLUE var0),0.015163738990850106,0.033601020987589436,242,0.472526358239543,0.0008170175003844739
(EXACTLY_2 3 IS_BLUE IS_FLAT),(AT_LEAST_2 1 IS_BLUE IS_PYRAMID var0),0.026638891988113755,0.054477140990456974,397,0.5609221924748292,0.0004274394973090653
(EXACTLY_2 3 IS_BLUE IS_FLAT),(ODD_2 IS_BLUE IS_FLAT var0),0.03243015998759802,0.06420235498717375,477,0.5905093993206888,0.00032165659062799635
(EXACTLY_2 3 IS_BLUE IS_FLAT),(MORE_THAN IS_BLUE IS_VERTICAL var0),0.04792451898993022,0.08032842398279172,664,0.6381487326854127,0.00020740109033973682
(EXACTLY_2 3 IS_BLUE IS_FLAT),(AT_LEAST_2 2 IS_BLUE IS_GROUNDED var0),0.08949612199103285,0.11409360297875537,1117,0.7065461037046487,0.00011200700377168349
(EXACTLY_2 3 IS_BLUE IS_FLAT),(EXACTLY_2 3 IS_BLUE IS_FLAT var0),0.10868040800232848,0.13342064098105766,1350,0.7296561504339167,8.736050653751036e-05
(EXACTLY_2 3 IS_BLUE IS_FLAT),(AT_LEAST_2 1 IS_BLUE IS_FLAT var0),0.11264550400483131,0.13770710897824756,1396,0.7335594099522008,8.300556469771235e-05
(EXACTLY_2 3 IS_BLUE IS_FLAT),(AT_LEAST_2 3 IS_BLUE IS_FLAT var0),0.14703001800899074,0.16940482997688378,1765,0.7589621687377175,5.628975412176006e-05
(EXACTLY_2 3 IS_BLUE IS_FLAT),(AT_LEAST_2 2 IS_BLUE IS_FLAT var0),0.17097497201939404,0.19486035998033913,2032,0.7726296958534414,4.626984883812151e-05
(EXACTLY_2 1 IS_YELLOW IS_HORIZONTAL),(EXACTLY_2 1 IS_YELLOW IS_HORIZONTAL var0),0.04369273998781864,0.04321106099177996,604,0.6250053560699718,0.00023090775260809136
(EXACTLY_2 1 IS_YELLOW IS_HORIZONTAL),(OR (EXACTLY_1 3 IS_PYRAMID) (EXACTLY_2 1 IS_YELLOW IS_HORIZONTAL) var0),3.690249271074208,5.924592863972066,54154,0.9612030902420471,5.591311073206809e-07
(EXACTLY_2 1 IS_YELLOW IS_HORIZONTAL),(OR (EXACTLY_1 2 IS_CHEESECAKE) (EXACTLY_2 1 IS_YELLOW IS_HORIZONTAL) var0),4.491153903039958,8.189817120047337,66609,0.9670006158380756,3.8809493676480605e-07
(EXACTLY_2 1 IS_YELLOW IS_HORIZONTAL),(OR (EVEN_1 IS_CHEESECAKE) (EXACTLY_2 1 IS_YELLOW IS_HORIZONTAL) var0),5.11101852209049,9.230081492070894,75629,0.9701092249125282,3.0530516018100225e-07
(EXACTLY_2 1 IS_YELLOW IS_HORIZONTAL),(OR (EXACTLY_1 3 IS_CHEESECAKE) (EXACTLY_2 1 IS_YELLOW IS_HORIZONTAL) var0),5.311822230080907,9.56333880008333,78593,0.9709835575680966,2.8423316216216486e-07
(EXACTLY_2 1 IS_YELLOW IS_HORIZONTAL),(OR (EXACTLY_1 3 IS_UPSIDE_DOWN) (EXACTLY_2 1 IS_YELLOW IS_HORIZONTAL) var0),6.346337393108115,11.180829708095189,93737,0.9745871616196409,2.0009003763484126e-07
(EXACTLY_2 1 IS_YELLOW IS_HORIZONTAL),(OR (AT_LEAST_1 2 IS_CHEESECAKE) (EXACTLY_2 1 IS_YELLOW IS_HORIZONTAL) var0),6.394817004105789,11.25397462509045,94437,0.9747262498320922,1.9734053462615132e-07
(EXACTLY_2 1 IS_YELLOW IS_HORIZONTAL),(OR (AT_LEAST_1 3 IS_UPRIGHT) (EXACTLY_2 1 IS_YELLOW IS_HORIZONTAL) var0),7.559281346051648,13.02504333010529,112226,0.9776814030764723,1.3924879743185584e-07
(EXACTLY_2 1 IS_YELLOW IS_HORIZONTAL),(OR (EXACTLY_1 3 IS_VERTICAL) (EXACTLY_2 1 IS_YELLOW IS_HORIZONTAL) var0),7.7191437960527765,13.259128956107816,114693,0.978017133790598,1.330711218294719e-07
(EXACTLY_2 1 IS_YELLOW IS_HORIZONTAL),(OR (EXACTLY_1 3 IS_UPRIGHT) (EXACTLY_2 1 IS_YELLOW IS_HORIZONTAL) var0),7.770415331040567,13.33676673010541,115494,0.9781229547669041,1.3115415433974824e-07
(OR (EVEN_1 IS_PYRAMID) (AT_LEAST_1 3 IS_HORIZONTAL)),(OR (EXACTLY_1 3 IS_HORIZONTAL) (EVEN_1 IS_PYRAMID) var0),1.4652199690126508,3.3801490819514584,21753,0.9253263185203274,2.192295283508839e-06
(OR (EVEN_1 IS_PYRAMID) (AT_LEAST_1 3 IS_HORIZONTAL)),(OR (EVEN_1 IS_RED) (MORE_THAN IS_HORIZONTAL IS_BLOCK) var0),1.810256279024543,4.12860216397894,26509,0.9344292815057152,1.6830005144155757e-06
(OR (EVEN_1 IS_PYRAMID) (AT_LEAST_1 3 IS_HORIZONTAL)),(OR (EVEN_1 IS_PYRAMID) (AT_LEAST_1 3 IS_HORIZONTAL) var0),2.0473392709782274,4.62430673097424,30340,0.9402667675422213,1.3874194834950146e-06
(OR (EVEN_1 IS_PYRAMID) (AT_LEAST_1 3 IS_HORIZONTAL)),(OR (EVEN_1 IS_PYRAMID) (MORE_THAN IS_HORIZONTAL IS_BLOCK) var0),2.093867221972687,4.725042714967458,31091,0.9412914563296325,1.3401242647975025e-06
(OR (EVEN_1 IS_PYRAMID) (AT_LEAST_1 3 IS_HORIZONTAL)),(OR (EVEN_1 IS_PYRAMID) (EITHER_OR 3 3) var0),2.1446594639637624,4.84410509997997,31927,0.9423891930272039,1.2873198294949247e-06
(OR (EVEN_1 IS_PYRAMID) (AT_LEAST_1 3 IS_HORIZONTAL)),(OR (EVEN_1 IS_PYRAMID) (MORE_THAN IS_FLAT IS_UPRIGHT) var0),2.4056291710085134,5.397828050998214,36167,0.947370163160636,1.071199847929862e-06
(OR (EVEN_1 IS_PYRAMID) (AT_LEAST_1 3 IS_HORIZONTAL)),(OR (EVEN_1 IS_PYRAMID) (MORE_THAN IS_BLUE IS_VERTICAL) var0),2.6590909940423444,5.950292437962162,40236,0.9513536593268019,9.004303097071968e-07
(OR (EVEN_1 IS_PYRAMID) (AT_LEAST_1 3 IS_HORIZONTAL)),(OR (EXACTLY_1 2 IS_PYRAMID) (AT_LEAST_1 3 IS_HORIZONTAL) var0),2.703771053028504,6.046805415962808,40965,0.9520013439462797,8.772683347742157e-07
(OR (EVEN_1 IS_PYRAMID) (AT_LEAST_1 3 IS_HORIZONTAL)),(OR (EXACTLY_1 2 IS_PYRAMID) (MORE_THAN IS_HORIZONTAL IS_BLOCK) var0),2.7600851360220986,6.164865402979558,41870,0.9527816184779784,8.473634658840724e-07
(OR (EVEN_1 IS_PYRAMID) (AT_LEAST_1 3 IS_HORIZONTAL)),(OR (EXACTLY_1 2 IS_PYRAMID) (MORE_THAN IS_FLAT IS_UPRIGHT) var0),3.1398959840817042,6.968218678952326,48027,0.9574429572257854,6.773219765060332e-07
(EVEN_1 IS_BLOCK),(EVEN_1 IS_BLOCK var0),0.005667221996191074,0.012357476993201999,104,0.31465270784738153,0.0016724326158271525
(EVEN_1 IS_BLOCK),(EXACTLY_1 2 IS_BLOCK var0),0.021839027991518378,0.03700059299262648,357,0.5429502819807723,0.0004814906472018076
(EVEN_1 IS_BLOCK),(OR (EVEN_1 IS_BLOCK) (EVEN_1 IS_RED) var0),0.31421594898438343,0.4178508339991822,3836,0.8240328223737736,1.8246728839691278e-05
(EVEN_1 IS_BLOCK),(OR (EVEN_1 IS_BLOCK) (EVEN_2 IS_BLUE IS_BLOCK) var0),0.3527384489771066,0.5000612549983998,4391,0.8333343820261951,1.5269941731791675e-05
(EVEN_1 IS_BLOCK),(AND (EVEN_1 IS_BLOCK) (EXACTLY_1 2 IS_BLOCK) var0),0.37454528898979333,0.5499187579935096,4695,0.8378046186606606,1.414636581192248e-05
(EVEN_1 IS_BLOCK),(OR (EVEN_1 IS_BLOCK) (MORE_THAN IS_PYRAMID IS_PYRAMID) var0),0.40254514399839536,0.6146836899961272,5138,0.8437157380894783,1.249786643819395e-05
(EVEN_1 IS_BLOCK),(AND (EXACTLY_1 2 IS_BLOCK) (EXACTLY_1 2 IS_BLOCK) var0),0.4213646109983529,0.6658479259886008,5454,0.8475203191489886,1.160819690954736e-05
(EVEN_1 IS_BLOCK),(AND (EVEN_1 IS_BLOCK) (AT_LEAST_1 2 IS_BLOCK) var0),0.4483646220060109,0.7320339210027669,5883,0.8523045415620584,1.0695139728041968e-05
(EVEN_1 IS_BLOCK),(OR (EVEN_1 IS_BLOCK) (EVEN_1 IS_BLOCK) var0),0.44877641000766744,0.7337000740035364,5889,0.8523686880115843,1.0683400821924719e-05
(EVEN_1 IS_BLOCK),(OR (EVEN_1 IS_BLOCK) (MORE_THAN IS_BLOCK IS_BLOCK) var0),0.46401416900880577,0.7709767660171565,6112,0.8546925266793428,1.0167423409233765e-05
(OR (ODD_1 IS_RED) (MORE_THAN IS_YELLOW IS_BLOCK)),(OR (ODD_1 IS_RED) (MORE_THAN IS_YELLOW IS_BLOCK) var0),0.25546125798700814,0.22089910500380938,2673,0.7966902613207517,3.0735168311434014e-05
(OR (ODD_1 IS_RED) (MORE_THAN IS_YELLOW IS_BLOCK)),(OR (ODD_2 IS_RED IS_GROUNDED) (MORE_THAN IS_YELLOW IS_BLOCK) var0),14.48803750724528,23.57194288797473,213864,0.9848450251180699,3.564117726575391e-08
(OR (ODD_1 IS_RED) (MORE_THAN IS_YELLOW IS_BLOCK)),(OR (ODD_1 IS_RED) (AND EVEN (ODD_1 IS_UPRIGHT)) var0),107.67239871072888,153.37557481976455,1566466,0.9934508293997388,1.7187801455313416e-09
(MORE_THAN IS_YELLOW IS_VERTICAL),(MORE_THAN IS_YELLOW IS_BLUE var0),0.0020728919998873607,0.005278408996673534,47,0.19547708947765016,0.002705414590481533
(MORE_THAN IS_YELLOW IS_VERTICAL),(MORE_THAN IS_YELLOW IS_VERTICAL var0),0.02679492699826369,0.04960862099778751,420,0.5704348029883134,0.0003898877974415476
(MORE_THAN IS_YELLOW IS_VERTICAL),(OR (AT_LEAST_1 2 IS_WEDGE) (MORE_THAN IS_YELLOW IS_BLUE) var0),0.35206799599473015,0.5152706999961083,4557,0.8358175730582658,1.4653028889680289e-05
(MORE_THAN IS_YELLOW IS_VERTICAL),(OR (EVEN_1 IS_PYRAMID) (MORE_THAN IS_YELLOW IS_BLUE) var0),0.4018215829892142,0.6363181909973719,5288,0.8455573010896351,1.2035991807090389e-05
(MORE_THAN IS_YELLOW IS_VERTICAL),(OR (EVEN_1 IS_UPRIGHT) (MORE_THAN IS_YELLOW IS_BLUE) var0),0.4076564019878788,0.6519039079948925,5377,0.8466180808259949,1.1809734641135448e-05
(MORE_THAN IS_YELLOW IS_VERTICAL),(OR (EVEN_1 IS_YELLOW) (MORE_THAN IS_YELLOW IS_BLUE) var0),0.47916422798971325,0.8122845879779561,6464,0.8581436924738461,9.47015118410407e-06
(MORE_THAN IS_YELLOW IS_VERTICAL),(OR (EXACTLY_1 2 IS_PYRAMID) (MORE_THAN IS_YELLOW IS_BLUE) var0),0.5595693539899003,0.9966011069782326,7766,0.8691939514765599,7.6103827876996055e-06
(MORE_THAN IS_YELLOW IS_VERTICAL),(OR (EVEN_1 IS_UPSIDE_DOWN) (MORE_THAN IS_YELLOW IS_BLUE) var0),0.6642671529671134,1.2344977159918926,9386,0.880248200950401,6.129839748958066e-06
(MORE_THAN IS_YELLOW IS_VERTICAL),(OR (EVEN_1 IS_WEDGE) (MORE_THAN IS_YELLOW IS_BLUE) var0),0.6940925209692068,1.3124928579818516,9836,0.8829365003585936,5.833906021525199e-06
(MORE_THAN IS_YELLOW IS_VERTICAL),(OR (EXACTLY_1 3 IS_PYRAMID) (MORE_THAN IS_YELLOW IS_BLUE) var0),0.7192849359753382,1.3748956369745429,10228,0.885172023656089,5.573695918437785e-06
(ODD_2 IS_HORIZONTAL IS_WEDGE),(ODD_2 IS_HORIZONTAL IS_WEDGE var0),0.013233287995717546,0.023838091008656193,230,0.4625315259611731,0.0008475540110213854
(ODD_2 IS_HORIZONTAL IS_WEDGE),(EXACTLY_2 1 IS_HORIZONTAL IS_WEDGE var0),0.03295462199821486,0.04744892400321987,503,0.5985881878695014,0.00029705908247415534
(ODD_2 IS_HORIZONTAL IS_WEDGE),(OR (ODD_1 IS_CHEESECAKE) (EXACTLY_2 1 IS_FLAT IS_WEDGE) var0),2.958861302036894,6.295154575019296,45279,0.9554884851633795,7.453499748676563e-07
(ODD_2 IS_HORIZONTAL IS_WEDGE),(OR (ODD_1 IS_CHEESECAKE) (AT_LEAST_2 1 IS_WEDGE IS_FLAT) var0),2.978033144044275,6.342661094017785,45581,0.9557124908227981,7.382696695921827e-07
(ODD_2 IS_HORIZONTAL IS_WEDGE),(OR (ODD_1 IS_CHEESECAKE) (ODD_2 IS_HORIZONTAL IS_WEDGE) var0),4.3594962429024235,9.47804901206382,66677,0.9670269771638603,3.8725693749489826e-07
(ODD_2 IS_HORIZONTAL IS_WEDGE),(OR (ODD_1 IS_CHEESECAKE) (EXACTLY_2 1 IS_WEDGE IS_HORIZONTAL) var0),5.266923022869378,11.379097706025277,80033,0.9713850655224767,2.7354531938682345e-07
(ODD_2 IS_HORIZONTAL IS_WEDGE),(OR (EVEN_1 IS_UPSIDE_DOWN) (ODD_2 IS_HORIZONTAL IS_WEDGE) var0),5.561994891840186,12.005893036036468,84428,0.9725233597282426,2.459974887915987e-07
(ODD_2 IS_HORIZONTAL IS_WEDGE),(OR (AT_LEAST_1 3 IS_RED) (ODD_2 IS_HORIZONTAL IS_WEDGE) var0),6.197875730849773,13.302934579041903,94148,0.9746690601256515,1.9845496000492775e-07
(ODD_2 IS_HORIZONTAL IS_WEDGE),(OR (AT_LEAST_1 3 IS_WEDGE) (ODD_2 IS_HORIZONTAL IS_WEDGE) var0),6.219446572858033,13.34612486804599,94480,0.9747347313915135,1.9716063193960921e-07
(ODD_2 IS_HORIZONTAL IS_WEDGE),(OR (EXACTLY_1 1 IS_CHEESECAKE) (EXACTLY_2 1 IS_FLAT IS_WEDGE) var0),6.2525221348569175,13.411223023039383,94985,0.9748337959976738,1.9519175833601166e-07
(ODD_2 IS_FLAT IS_GROUNDED),(ODD_2 IS_FLAT IS_GROUNDED var0),0.05436431400630681,0.0621806489998562,743,0.653620645055269,0.00018242001377647928
(ODD_2 IS_FLAT IS_GROUNDED),(OR (EXACTLY_1 3 IS_PYRAMID) (EXACTLY_2 1 IS_FLAT IS_HORIZONTAL) var0),1.7660560849872127,3.2727378819981823,26847,0.9349930996198715,1.6532375916564353e-06
(ODD_2 IS_FLAT IS_GROUNDED),(OR (EXACTLY_1 1 IS_FLAT) (EXACTLY_2 2 IS_FLAT IS_PYRAMID) var0),2.2968217080197064,4.446966380037338,35230,0.9463463472357965,1.1146920415993401e-06
(ODD_2 IS_FLAT IS_GROUNDED),(OR (EXACTLY_1 1 IS_FLAT) (EXACTLY_1 3 IS_PYRAMID) var0),3.5632569710296593,7.178546262016425,55367,0.9618686410678712,5.381636884780781e-07
(ODD_2 IS_FLAT IS_GROUNDED),(OR (EXACTLY_1 1 IS_FLAT) (EXACTLY_2 2 IS_HORIZONTAL IS_PYRAMID) var0),4.412961515989082,9.00404044493007,68987,0.9678949504442782,3.6413181220837246e-07
(ODD_2 IS_FLAT IS_GROUNDED),(OR (EXACTLY_1 1 IS_FLAT) (EVEN_2 IS_FLAT IS_PYRAMID) var0),4.467557828984354,9.13274539293434,69892,0.9682203207520461,3.552383309497381e-07
(ODD_2 IS_FLAT IS_GROUNDED),(OR (AT_LEAST_1 3 IS_PYRAMID) (EXACTLY_2 1 IS_FLAT IS_HORIZONTAL) var0),6.02590926805442,12.326048729963986,93821,0.9746039542860949,1.9975246111346253e-07
(ODD_2 IS_FLAT IS_GROUNDED),(AND (ODD_1 IS_FLAT) (ODD_1 IS_HORIZONTAL) var0),6.6485519770103565,13.511656648945973,103676,0.9763878894638581,1.63798664355979e-07
(ODD_2 IS_FLAT IS_GROUNDED),(OR (EXACTLY_1 1 IS_FLAT) (AT_LEAST_1 3 IS_PYRAMID) var0),7.164866123997854,14.507385473925751,111946,0.9776423099960344,1.399747756823491e-07
(ODD_2 IS_FLAT IS_GROUNDED),(OR (EXACTLY_1 3 IS_PYRAMID) (EXACTLY_2 1 IS_FLAT IS_GROUNDED) var0),7.7398642109856155,15.56310189292708,120709,0.9787780403343171,1.2019209478156815e-07
(EITHER_OR 2 1),(EITHER_OR 1 2 var0),0.00019598800008679973,0.0009266850001949933,4,0.04924514421782984,0.005175197093532164
(EITHER_OR 2 1),(EITHER_OR 2 1 var0),0.00029671099946426693,0.0015539279993390664,6,0.058557094989872,0.0046469831860267
(EITHER_OR 2 1),(OR (EVEN_1 IS_YELLOW) (EITHER_OR 1 2) var0),2.6223805919635197,3.858938751988717,38961,0.9501776699010341,9.454383546707804e-07
(EITHER_OR 2 1),(OR (EVEN_1 IS_YELLOW) (EITHER_OR 2 1) var0),3.912829793930541,5.891060081015894,57415,0.9629328680974366,5.0270269205992e-07
(EITHER_OR 2 1),(OR (AT_LEAST_1 3 IS_WEDGE) (EITHER_OR 1 2) var0),3.9684950619421215,5.983961913027088,58274,0.963359433471421,4.904728287939097e-07
(EITHER_OR 2 1),(OR (AT_LEAST_1 2 IS_YELLOW) (EITHER_OR 1 2) var0),4.453983133964357,6.725665860026311,65523,0.9665730729864211,3.993527472108374e-07
(EITHER_OR 2 1),(OR (EXACTLY_1 2 IS_CHEESECAKE) (EITHER_OR 1 2) var0),4.537430231957842,6.855392142023447,66777,0.9670656521391906,3.8622816831690685e-07
(EITHER_OR 2 1),(OR (EITHER_OR 1 2) (MORE_THAN IS_PYRAMID IS_PYRAMID) var0),4.895461382995563,7.416731012033779,72114,0.9689867454687449,3.3452998566215654e-07
(EITHER_OR 2 1),(OR (EVEN_1 IS_CHEESECAKE) (EITHER_OR 1 2) var0),5.1467686780215445,7.78580904604496,75837,0.970172584256209,3.038366173425985e-07
(EITHER_OR 2 1),(OR (EXACTLY_1 3 IS_CHEESECAKE) (EITHER_OR 1 2) var0),5.344081612042828,8.077396435010996,78772,0.9710343195411657,2.82865977360956e-07
(ODD_INTERACTION (TOUCHING IS_YELLOW IS_WEDGE)),(ODD_INTERACTION (TOUCHING IS_WEDGE IS_YELLOW) var0),0.04040049799368717,0.04734471398023743,588,0.6212395100401421,0.00023992423910701522
(ODD_INTERACTION (TOUCHING IS_YELLOW IS_WEDGE)),(EXACTLY_INTERACTION 1 (TOUCHING IS_WEDGE IS_YELLOW) var0),0.06171680198804097,0.06454207897877495,834,0.6690548669484163,0.00015916871300557969
(ODD_INTERACTION (TOUCHING IS_YELLOW IS_WEDGE)),(AT_LEAST_INTERACTION 1 (TOUCHING IS_WEDGE IS_YELLOW) var0),0.06515831199158129,0.06801763797557214,878,0.6758202335884828,0.0001489508731627524
(ODD_INTERACTION (TOUCHING IS_YELLOW IS_WEDGE)),(OR (EVEN_1 IS_PYRAMID) (ODD_INTERACTION (TOUCHING IS_YELLOW IS_WEDGE)) var0),16.57752377081033,30.685490036862575,249427,0.9859413167874809,2.6717243536653776e-08
(ODD_INTERACTION (TOUCHING IS_YELLOW IS_WEDGE)),(OR (EXACTLY_1 2 IS_PYRAMID) (ODD_INTERACTION (TOUCHING IS_YELLOW IS_WEDGE)) var0),21.515625704780177,37.61216378801055,321890,0.9874765157804831,1.689337076924627e-08
(ODD_INTERACTION (TOUCHING IS_YELLOW IS_WEDGE)),(OR (EXACTLY_1 3 IS_PYRAMID) (ODD_INTERACTION (TOUCHING IS_YELLOW IS_WEDGE)) var0),26.076151938771545,45.57222024206112,387361,0.9884204007115349,1.2372375257837124e-08
(ODD_INTERACTION (TOUCHING IS_YELLOW IS_WEDGE)),(OR (EXACTLY_1 2 IS_WEDGE) (ODD_INTERACTION (TOUCHING IS_PYRAMID IS_WEDGE)) var0),26.859543117750945,46.70267891209005,398355,0.9885534664305443,1.1841851870732876e-08
(ODD_INTERACTION (TOUCHING IS_YELLOW IS_WEDGE)),(OR (EXACTLY_1 3 IS_BLUE) (ODD_INTERACTION (TOUCHING IS_YELLOW IS_WEDGE)) var0),28.992517096721713,49.8341041550957,428617,0.9888918623158451,1.0569759620171702e-08
(ODD_INTERACTION (TOUCHING IS_YELLOW IS_WEDGE)),(OR (EXACTLY_1 2 IS_WEDGE) (ODD_INTERACTION (TOUCHING IS_PYRAMID IS_RED)) var0),32.734635714680735,57.02022753314486,479953,0.9893899251476473,8.92711362095447e-09
(ODD_INTERACTION (TOUCHING IS_YELLOW IS_WEDGE)),(OR (EXACTLY_1 2 IS_CHEESECAKE) (ODD_INTERACTION (TOUCHING IS_YELLOW IS_WEDGE)) var0),33.59826966371202,58.27722963715223,492704,0.989501573434803,8.587710700500938e-09
(EVEN_2 IS_BLUE IS_UPRIGHT),(EVEN_2 IS_BLUE IS_UPRIGHT var0),0.023538555009508855,0.047661573987170414,367,0.547674733247713,0.0004628291785967684
(EVEN_2 IS_BLUE IS_UPRIGHT),(EXACTLY_2 2 IS_BLUE IS_UPRIGHT var0),0.0741085369945722,0.09319228700223903,976,0.6895200690049534,0.00013160207591991557
(EVEN_2 IS_BLUE IS_UPRIGHT),(AT_LEAST_2 2 IS_BLUE IS_UPRIGHT var0),0.13965781900060392,0.14799597700493905,1760,0.7586804038993791,5.646248959077078e-05
(EVEN_2 IS_BLUE IS_UPRIGHT),(AT_LEAST_2 2 IS_VERTICAL IS_BLUE var0),0.3860347880008703,0.6365547890000016,4934,0.8410804564563166,1.3321359475904782e-05
(EVEN_2 IS_BLUE IS_UPRIGHT),(OR (EXACTLY_1 3 IS_PYRAMID) (EVEN_2 IS_BLUE IS_UPRIGHT) var0),1.1800607070126716,3.0058404230576343,15802,0.9092358594786977,3.354706493507081e-06
(EVEN_2 IS_BLUE IS_UPRIGHT),(OR (AT_LEAST_1 3 IS_RED) (EVEN_2 IS_BLUE IS_UPRIGHT) var0),1.2906151549950664,3.316439251052543,17281,0.9139051109636762,2.9764021960855142e-06
(EVEN_2 IS_BLUE IS_UPRIGHT),(OR (AT_LEAST_1 3 IS_WEDGE) (EVEN_2 IS_BLUE IS_UPRIGHT) var0),1.297689774994069,3.338501372050814,17382,0.9142047809315442,2.956990028730395e-06
(EVEN_2 IS_BLUE IS_UPRIGHT),(OR (EXACTLY_1 3 IS_BLUE) (EVEN_2 IS_BLUE IS_UPRIGHT) var0),1.327453830014747,3.431773809056722,17802,0.9154281628476811,2.8659364506535027e-06
(EVEN_2 IS_BLUE IS_UPRIGHT),(OR (EXACTLY_1 2 IS_CHEESECAKE) (EVEN_2 IS_BLUE IS_UPRIGHT) var0),1.5364291470332319,4.042327689084232,20787,0.9231445610082009,2.3285139878926552e-06
(EVEN_2 IS_BLUE IS_UPRIGHT),(AND (AT_LEAST_1 2 IS_BLUE) (EVEN_2 IS_BLUE IS_UPRIGHT) var0),1.6904766330299026,4.493354041089333,22943,0.9278435604289286,2.0376585639516167e-06
(OR (AT_LEAST_1 1 IS_PYRAMID) (ODD_1 IS_BLOCK)),(OR (ODD_1 IS_BLOCK) (MORE_THAN IS_PYRAMID IS_BLOCK) var0),0.1510127300152817,0.1332135499933429,1740,0.7575412541984644,5.755500007983698e-05
(OR (AT_LEAST_1 1 IS_PYRAMID) (ODD_1 IS_BLOCK)),(OR (ODD_1 IS_BLOCK) (MORE_THAN IS_PYRAMID IS_YELLOW) var0),0.3535628400641144,0.36515673701796914,4109,0.828811400307582,1.6801687057064843e-05
(OR (AT_LEAST_1 1 IS_PYRAMID) (ODD_1 IS_BLOCK)),(OR (ODD_1 IS_BLOCK) (MORE_THAN IS_PYRAMID IS_UPSIDE_DOWN) var0),0.5761980930701611,0.7247713670012672,6953,0.8625911394570502,8.726568378391111e-06
(OR (AT_LEAST_1 1 IS_PYRAMID) (ODD_1 IS_BLOCK)),(OR (AT_LEAST_1 1 IS_PYRAMID) (ODD_1 IS_BLOCK) var0),0.9930061541008399,1.445415538006273,13209,0.8995138227545226,4.183748666462275e-06
(OR (AT_LEAST_1 1 IS_PYRAMID) (ODD_1 IS_BLOCK)),(OR (ODD_1 IS_BLOCK) (AT_LEAST_2 1 IS_GROUNDED IS_PYRAMID) var0),1.4313388070877409,2.2275932309821656,19712,0.92054894676638,2.5067977571936547e-06
(OR (AT_LEAST_1 1 IS_PYRAMID) (ODD_1 IS_BLOCK)),(OR (EXACTLY_1 1 IS_BLOCK) (AT_LEAST_1 1 IS_PYRAMID) var0),4.270364508128296,7.301433883122627,62569,0.9653441624931998,4.338029340114874e-07
(OR (AT_LEAST_1 1 IS_PYRAMID) (ODD_1 IS_BLOCK)),(OR (EXACTLY_1 1 IS_BLOCK) (AT_LEAST_2 1 IS_GROUNDED IS_PYRAMID) var0),4.65243335613377,7.958103798103366,68743,0.9678057901012842,3.667747041854696e-07
(OR (AT_LEAST_1 1 IS_PYRAMID) (ODD_1 IS_BLOCK)),(OR (AT_LEAST_1 1 IS_PYRAMID) (ODD_2 IS_GROUNDED IS_BLOCK) var0),8.18093482709628,14.750446865974482,123848,0.9791458104279447,1.1407089094178772e-07
(OR (AT_LEAST_1 1 IS_PYRAMID) (ODD_1 IS_BLOCK)),(OR (ODD_2 IS_GROUNDED IS_BLOCK) (MORE_THAN IS_PYRAMID IS_BLOCK) var0),11.201056633974986,18.88730238404696,169564,0.9828518958449498,5.717416996846785e-08
(OR (AT_LEAST_1 1 IS_PYRAMID) (ODD_1 IS_BLOCK)),(OR (ODD_2 IS_GROUNDED IS_BLOCK) (MORE_THAN IS_PYRAMID IS_YELLOW) var0),22.176337749017875,33.858139828146705,324141,0.9875143125508554,1.669051359960232e-08
(EXACTLY_2 3 IS_UPRIGHT IS_WEDGE),(MORE_THAN IS_WEDGE IS_BLUE var0),0.0038415999988501426,0.008859242993821681,76,0.26357457800680517,0.0020231137597970864
(EXACTLY_2 3 IS_UPRIGHT IS_WEDGE),(AT_LEAST_2 3 IS_VERTICAL IS_WEDGE var0),0.03736743898662098,0.07304464899152663,553,0.6124778393084815,0.00025971239138764505
(EXACTLY_2 3 IS_UPRIGHT IS_WEDGE),(AT_LEAST_2 3 IS_VERTICAL IS_GROUNDED var0),0.04996407599082886,0.08529012298367888,703,0.6460256407401752,0.00019748649317380927
(EXACTLY_2 3 IS_UPRIGHT IS_WEDGE),(EXACTLY_2 3 IS_UPRIGHT IS_WEDGE var0),0.0594382129920632,0.09558052398006112,821,0.6669739678041522,0.00016118760294078787
(EXACTLY_2 3 IS_UPRIGHT IS_WEDGE),(AT_LEAST_2 3 IS_UPRIGHT IS_WEDGE var0),0.20291601898043155,0.29828933895805676,2596,0.7942783984717043,3.188239721656185e-05
(EXACTLY_2 3 IS_UPRIGHT IS_WEDGE),(AT_LEAST_2 3 IS_GROUNDED IS_WEDGE var0),0.22923752698443423,0.35601106695230555,2938,0.8043072188902095,2.678246917504685e-05
(EXACTLY_2 3 IS_UPRIGHT IS_WEDGE),(AT_LEAST_2 3 IS_UPRIGHT IS_GROUNDED var0),0.24307506397963152,0.37958050695306156,3118,0.8088945404377019,2.4243521021972865e-05
(EXACTLY_2 3 IS_UPRIGHT IS_WEDGE),(AT_LEAST_2 2 IS_GROUNDED IS_WEDGE var0),0.25952700497873593,0.42575825895619346,3355,0.8143746947706688,2.201503310105983e-05
(EXACTLY_2 3 IS_UPRIGHT IS_WEDGE),(EXACTLY_2 3 IS_VERTICAL IS_WEDGE var0),0.2741935089807157,0.4642391609540937,3561,0.8187467080604933,2.0335585259558245e-05
(EXACTLY_2 3 IS_UPRIGHT IS_WEDGE),(OR (EVEN_1 IS_UPSIDE_DOWN) (MORE_THAN IS_WEDGE IS_BLUE) var0),0.676707315998101,1.840055012979974,9581,0.8814292759950809,5.991306471444046e-06
(AND (EVEN_1 IS_PYRAMID) (EVEN_2 IS_YELLOW IS_WEDGE)),(EXACTLY_2 2 IS_YELLOW IS_WEDGE var0),0.007728978997874947,0.020072893996257335,139,0.3671358434435486,0.0013202134019411206
(AND (EVEN_1 IS_PYRAMID) (EVEN_2 IS_YELLOW IS_WEDGE)),(EVEN_2 IS_YELLOW IS_WEDGE var0),0.010979501996189356,0.029912436993981828,193,0.4291701004679376,0.0009758560690753203
(AND (EVEN_1 IS_PYRAMID) (EVEN_2 IS_YELLOW IS_WEDGE)),(AT_LEAST_2 2 IS_YELLOW IS_WEDGE var0),0.017322506004347815,0.04174881299150002,288,0.5055295772480243,0.0006361848152093035
(AND (EVEN_1 IS_PYRAMID) (EVEN_2 IS_YELLOW IS_WEDGE)),(AND (EVEN_1 IS_PYRAMID) (AT_LEAST_1 2 IS_WEDGE) var0),0.22520859200267296,0.3291748409619686,2852,0.8019476015874094,2.7998228172506885e-05
(AND (EVEN_1 IS_PYRAMID) (EVEN_2 IS_YELLOW IS_WEDGE)),(AND (EXACTLY_1 2 IS_PYRAMID) (AT_LEAST_1 2 IS_WEDGE) var0),0.23317682200286072,0.34711098295974807,2954,0.8047343566124373,2.6594772154622434e-05
(AND (EVEN_1 IS_PYRAMID) (EVEN_2 IS_YELLOW IS_WEDGE)),(AND (EVEN_1 IS_WEDGE) (EXACTLY_1 2 IS_PYRAMID) var0),0.35601426300490857,0.7097621409493513,4551,0.8357295625223774,1.4680502054151499e-05
(AND (EVEN_1 IS_PYRAMID) (EVEN_2 IS_YELLOW IS_WEDGE)),(AND (EVEN_1 IS_PYRAMID) (EXACTLY_1 2 IS_WEDGE) var0),0.4347600830051306,1.9199253759652493,5546,0.8485791540036562,1.1432800250057902e-05
(AND (EVEN_1 IS_PYRAMID) (EVEN_2 IS_YELLOW IS_WEDGE)),(AND (EXACTLY_1 2 IS_WEDGE) (EXACTLY_1 2 IS_PYRAMID) var0),0.4529869050038542,1.9746357649564743,5809,0.8515073117378672,1.0859712831334365e-05
(AND (EVEN_1 IS_PYRAMID) (EVEN_2 IS_YELLOW IS_WEDGE)),(AND (AT_LEAST_1 2 IS_WEDGE) (MORE_THAN IS_YELLOW IS_BLOCK) var0),0.46916797700396273,2.024552460963605,6051,0.8540680053292377,1.0297777251968917e-05
(AND (EVEN_1 IS_PYRAMID) (EVEN_2 IS_YELLOW IS_WEDGE)),(AND (EVEN_1 IS_WEDGE) (MORE_THAN IS_YELLOW IS_BLOCK) var0),0.5322754230373903,2.252393594935711,6966,0.8627043250688085,8.69173546723046e-06
(OR (ODD_1 IS_UPRIGHT) (MORE_THAN IS_FLAT IS_CHEESECAKE)),(OR (ODD_1 IS_UPRIGHT) (MORE_THAN IS_FLAT IS_BLOCK) var0),0.5683560030329318,0.7904368239960604,7950,0.8705754531536275,7.419827006738166e-06
(OR (ODD_1 IS_UPRIGHT) (MORE_THAN IS_FLAT IS_CHEESECAKE)),(OR (ODD_1 IS_UPRIGHT) (MORE_THAN IS_FLAT IS_CHEESECAKE) var0),2.4009789020437893,4.426819347998389,35576,0.9467290681430544,1.0978049973720928e-06
(OR (ODD_1 IS_UPRIGHT) (MORE_THAN IS_FLAT IS_CHEESECAKE)),(OR (ODD_2 IS_VERTICAL IS_UPRIGHT) (MORE_THAN IS_FLAT IS_BLOCK) var0),27.91692150099152,48.78108465402056,402029,0.9885966582160448,1.1669722186044175e-08
(OR (ODD_1 IS_UPRIGHT) (MORE_THAN IS_FLAT IS_CHEESECAKE)),(OR (ODD_2 IS_VERTICAL IS_UPRIGHT) (MORE_THAN IS_FLAT IS_CHEESECAKE) var0),104.5860043961884,160.88211694736492,1561456,0.9934421987730365,1.726600811871915e-09
(MORE_THAN IS_RED IS_BLUE),(MORE_THAN IS_RED IS_BLUE var0),0.0007843810017220676,0.002360462997785362,16,0.09747895932911069,0.0035631172950890853
(MORE_THAN IS_RED IS_BLUE),(OR (EXACTLY_1 3 IS_PYRAMID) (MORE_THAN IS_RED IS_BLUE) var0),4.079047958131014,8.393945461968542,61288,0.9647773543321219,4.508164225208203e-07
(MORE_THAN IS_RED IS_BLUE),(OR (AT_LEAST_1 3 IS_RED) (MORE_THAN IS_RED IS_BLUE) var0),4.35632191314744,8.964354687976993,65470,0.9665518922250705,3.9997865465113376e-07
(MORE_THAN IS_RED IS_BLUE),(OR (EXACTLY_1 2 IS_CHEESECAKE) (MORE_THAN IS_RED IS_BLUE) var0),4.926590391101854,11.044921438968231,74636,0.969802251255332,3.1291331979211184e-07
(MORE_THAN IS_RED IS_BLUE),(OR (EVEN_1 IS_CHEESECAKE) (MORE_THAN IS_RED IS_BLUE) var0),5.534299488142096,12.26180027101509,84394,0.9725149932169934,2.4616155010493117e-07
(MORE_THAN IS_RED IS_BLUE),(OR (EXACTLY_1 3 IS_CHEESECAKE) (MORE_THAN IS_RED IS_BLUE) var0),5.735530163167823,12.669522740017783,87557,0.9732667223031141,2.291716122570093e-07
(MORE_THAN IS_RED IS_BLUE),(OR (EXACTLY_1 3 IS_UPSIDE_DOWN) (MORE_THAN IS_RED IS_BLUE) var0),6.807401283207582,14.776614552114552,104518,0.9765247360673394,1.6132866472202986e-07
(MORE_THAN IS_RED IS_BLUE),(OR (AT_LEAST_1 2 IS_CHEESECAKE) (MORE_THAN IS_RED IS_BLUE) var0),6.859278501208792,14.878990456116298,105243,0.9766408982336252,1.591117944855883e-07
(MORE_THAN IS_RED IS_BLUE),(AND (AT_LEAST_1 1 IS_RED) (MORE_THAN IS_RED IS_BLUE) var0),7.23643049122802,15.623983183105338,111303,0.9775517679447248,1.416807116239699e-07
(MORE_THAN IS_RED IS_BLUE),(OR (EXACTLY_1 3 IS_FLAT) (MORE_THAN IS_RED IS_BLUE) var0),8.137261484258488,17.237736997089996,125320,0.9793115285069673,1.1106929609535126e-07
(MORE_THAN IS_PYRAMID IS_YELLOW),(MORE_THAN IS_PYRAMID IS_YELLOW var0),0.0018754110033114557,0.005965944002127799,43,0.18453967976245897,0.0027827324222661704
(MORE_THAN IS_PYRAMID IS_YELLOW),(OR (EVEN_1 IS_BLUE) (MORE_THAN IS_PYRAMID IS_YELLOW) var0),0.47274598802323453,0.8619631849978759,6670,0.8600617501226515,9.16214426360459e-06
(MORE_THAN IS_PYRAMID IS_YELLOW),(OR (EVEN_1 IS_YELLOW) (MORE_THAN IS_PYRAMID IS_YELLOW) var0),0.5621081790213793,1.0851479020002444,7991,0.8708785641608918,7.372489845687272e-06
(MORE_THAN IS_PYRAMID IS_YELLOW),(OR (EXACTLY_1 2 IS_BLUE) (MORE_THAN IS_PYRAMID IS_YELLOW) var0),0.7670183499940322,1.6482381530113344,11106,0.8898327934349125,5.06145988416926e-06
(MORE_THAN IS_PYRAMID IS_YELLOW),(OR (ODD_1 IS_UPSIDE_DOWN) (MORE_THAN IS_PYRAMID IS_YELLOW) var0),0.7726966019981774,1.662947048012029,11189,0.8902512919178367,5.0218485082785e-06
(MORE_THAN IS_PYRAMID IS_YELLOW),(OR (EXACTLY_1 3 IS_PYRAMID) (MORE_THAN IS_PYRAMID IS_YELLOW) var0),0.8786174089636916,1.968094481972912,12793,0.8977402340622236,4.339108823373943e-06
(MORE_THAN IS_PYRAMID IS_YELLOW),(OR (AT_LEAST_1 3 IS_WEDGE) (MORE_THAN IS_PYRAMID IS_YELLOW) var0),0.9746308179946936,3.0471156219582554,14245,0.9036604236011425,3.824686748508448e-06
(MORE_THAN IS_PYRAMID IS_YELLOW),(OR (EXACTLY_1 2 IS_CHEESECAKE) (MORE_THAN IS_PYRAMID IS_YELLOW) var0),1.1551561369533374,3.515813929959222,17106,0.9133812417003242,3.0117925611050407e-06
(MORE_THAN IS_PYRAMID IS_YELLOW),(OR (EXACTLY_1 3 IS_BLOCK) (MORE_THAN IS_PYRAMID IS_YELLOW) var0),1.233489089951945,3.712787958960689,18356,0.9169857302404391,2.756248568902934e-06
(MORE_THAN IS_PYRAMID IS_YELLOW),(OR (EVEN_1 IS_CHEESECAKE) (MORE_THAN IS_PYRAMID IS_YELLOW) var0),1.3692409069462883,4.0706810119691,20506,0.9224846761148783,2.3693055872334465e-06
(EVEN_1 IS_BLUE),(EVEN_1 IS_BLUE var0),0.004569966995404684,0.009207788000821893,94,0.297556273470664,0.0017631474583868839
(EVEN_1 IS_BLUE),(OR (EVEN_1 IS_BLUE) (EVEN_2 IS_BLUE IS_BLOCK) var0),0.290158729997529,0.3773936960233186,3566,0.8188482887045768,2.0306340717234017e-05
(EVEN_1 IS_BLUE),(OR (EVEN_1 IS_BLUE) (EVEN_1 IS_BLUE) var0),0.3104577639915078,0.4271540290219491,3746,0.8223632205745008,1.889287715447448e-05
(EVEN_1 IS_BLUE),(OR (EVEN_1 IS_BLUE) (EXACTLY_2 2 IS_BLUE IS_PYRAMID) var0),0.33449553799346177,0.48115236902867764,4048,0.827777073781823,1.712433298362801e-05
(EVEN_1 IS_BLUE),(OR (EVEN_1 IS_BLUE) (MORE_THAN IS_PYRAMID IS_PYRAMID) var0),0.34145301199714595,0.49576231003266,4146,0.8294292301359728,1.6619967422932187e-05
(EVEN_1 IS_BLUE),(OR (EVEN_1 IS_BLUE) (EVEN_2 IS_BLUE IS_PYRAMID) var0),0.38460365099854243,0.6225674580464329,4731,0.8383105113350849,1.3993505432339878e-05
(EVEN_1 IS_BLUE),(OR (EVEN_1 IS_BLUE) (MORE_THAN IS_BLOCK IS_BLOCK) var0),0.3934110270038218,0.6515390770455269,4861,0.8401006896833293,1.3520887478858565e-05
(EVEN_1 IS_BLUE),(AND (EVEN_1 IS_BLUE) (AT_LEAST_1 2 IS_BLUE) var0),0.4355367850039329,0.7641385580463975,5488,0.8479135274720737,1.1528147530430898e-05
(EVEN_1 IS_BLUE),(OR (EVEN_1 IS_BLUE) (MORE_THAN IS_BLUE IS_BLUE) var0),0.4588875880062915,0.8178698640476796,5846,0.8519076104916735,1.0774365949665065e-05
(EVEN_1 IS_BLUE),(OR (EVEN_1 IS_BLUE) (ODD_2 IS_RED IS_CHEESECAKE) var0),0.4598571000078664,0.8260934070494841,5861,0.8520688880919627,1.0734253560958284e-05
(EXACTLY_2 3 IS_YELLOW IS_BLOCK),(AT_LEAST_1 3 IS_BLOCK var0),0.007352736001848825,0.023048326004754927,141,0.36974761776539156,0.0013042991787912033
(EXACTLY_2 3 IS_YELLOW IS_BLOCK),(AT_LEAST_2 3 IS_YELLOW IS_BLOCK var0),0.010470181001437595,0.028100507005547115,187,0.42318407929108465,0.0010221953297178499
(EXACTLY_2 3 IS_YELLOW IS_BLOCK),(AT_LEAST_2 2 IS_YELLOW IS_BLOCK var0),0.013598233002994675,0.03524122800172336,235,0.46674092968590264,0.0008402385856362277
(EXACTLY_2 3 IS_YELLOW IS_BLOCK),(AT_LEAST_1 3 IS_YELLOW var0),0.013690415003111411,0.035917999000957934,236,0.46757605644836175,0.0008351267624591258
(EXACTLY_2 3 IS_YELLOW IS_BLOCK),(EXACTLY_2 3 IS_YELLOW IS_BLOCK var0),0.018236990001241793,0.0418873539993001,301,0.5135313611237484,0.0005948777300581313
(EXACTLY_2 3 IS_YELLOW IS_BLOCK),(OR (AT_LEAST_1 3 IS_BLOCK) (AT_LEAST_1 2 IS_WEDGE) var0),0.6583135139862861,1.3208095009995304,9121,0.87859714464995,6.3468150291423915e-06
(EXACTLY_2 3 IS_YELLOW IS_BLOCK),(OR (AT_LEAST_1 3 IS_BLOCK) (MORE_THAN IS_WEDGE IS_BLOCK) var0),0.693177728991941,1.423407544998554,9654,0.8818650818618096,5.949281445939766e-06
(EXACTLY_2 3 IS_YELLOW IS_BLOCK),(OR (AT_LEAST_1 3 IS_BLOCK) (MORE_THAN IS_BLUE IS_BLOCK) var0),0.7310655260107524,1.5294367950000378,10231,0.885188740528647,5.572421608111997e-06
(EXACTLY_2 3 IS_YELLOW IS_BLOCK),(OR (AT_LEAST_1 3 IS_BLOCK) (EVEN_2 IS_BLUE IS_BLOCK) var0),0.9051640990264787,2.0316162649933176,12628,0.8970190040294089,4.403750389361994e-06
(EXACTLY_2 3 IS_YELLOW IS_BLOCK),(OR (EXACTLY_1 3 IS_BLOCK) (EXACTLY_2 2 IS_BLUE IS_HORIZONTAL) var0),0.9371249220048412,2.1259894849863485,13143,0.8992368667252706,4.20949382180322e-06
(AND (ODD_1 IS_BLUE) (EXACTLY_2 2 IS_HORIZONTAL IS_PYRAMID)),(MORE_THAN IS_PYRAMID IS_UPRIGHT var0),0.0033370900000591064,0.010460908001732605,68,0.2467066077520176,0.0022114789242952074
(AND (ODD_1 IS_BLUE) (EXACTLY_2 2 IS_HORIZONTAL IS_PYRAMID)),(MORE_THAN IS_FLAT IS_RED var0),0.012842375997934141,0.032645939006215485,221,0.4548362197790095,0.000866871092489739
(AND (ODD_1 IS_BLUE) (EXACTLY_2 2 IS_HORIZONTAL IS_PYRAMID)),(AT_LEAST_2 2 IS_HORIZONTAL IS_PYRAMID var0),0.023050812998917536,0.05048732301474956,371,0.5495005487559182,0.0004529840963565506
(AND (ODD_1 IS_BLUE) (EXACTLY_2 2 IS_HORIZONTAL IS_PYRAMID)),(EVEN_2 IS_HORIZONTAL IS_PYRAMID var0),0.03652974400574749,0.06691000301907479,545,0.6103721190754933,0.00026526591681172174
(AND (ODD_1 IS_BLUE) (EXACTLY_2 2 IS_HORIZONTAL IS_PYRAMID)),(EVEN_2 IS_FLAT IS_PYRAMID var0),0.037436417005665135,0.06794606301900785,552,0.6122181269170939,0.00026124687847658425
(AND (ODD_1 IS_BLUE) (EXACTLY_2 2 IS_HORIZONTAL IS_PYRAMID)),(EXACTLY_2 2 IS_HORIZONTAL IS_PYRAMID var0),0.0493759000000864,0.07870163901225169,681,0.6416300945174631,0.00020252951509895797
(AND (ODD_1 IS_BLUE) (EXACTLY_2 2 IS_HORIZONTAL IS_PYRAMID)),(EXACTLY_2 2 IS_FLAT IS_PYRAMID var0),0.05174491499838041,0.08228581101138843,711,0.6475929705257727,0.00019530041303241402
(AND (ODD_1 IS_BLUE) (EXACTLY_2 2 IS_HORIZONTAL IS_PYRAMID)),(AT_LEAST_2 2 IS_FLAT IS_PYRAMID var0),0.17248078899774555,0.19511009898724296,2216,0.7806532367470723,4.064383922832154e-05
(AND (ODD_1 IS_BLUE) (EXACTLY_2 2 IS_HORIZONTAL IS_PYRAMID)),(OR (EVEN_1 IS_FLAT) (EXACTLY_2 2 IS_FLAT IS_PYRAMID) var0),0.3740632769777221,0.6153632579753321,4924,0.8409471175207317,1.3352407683900431e-05
(AND (ODD_1 IS_BLUE) (EXACTLY_2 2 IS_HORIZONTAL IS_PYRAMID)),(AND (ODD_1 IS_YELLOW) (EXACTLY_2 2 IS_FLAT IS_PYRAMID) var0),0.39131833497867774,0.6614882019812285,5196,0.8444360639000955,1.2324491459170319e-05
(AND (EVEN_1 IS_FLAT) (ODD_2 IS_UPRIGHT IS_BLOCK)),(OR (ODD_1 IS_UPRIGHT) (ODD_2 IS_YELLOW IS_UPSIDE_DOWN) var0),0.64627209201808,1.4202984640360228,9037,0.8780608520797095,6.418593211446812e-06
(AND (EVEN_1 IS_FLAT) (ODD_2 IS_UPRIGHT IS_BLOCK)),(AND (EVEN_1 IS_FLAT) (MORE_THAN IS_UPRIGHT IS_UPSIDE_DOWN) var0),0.9035977520015877,2.228405921997364,13158,0.8992999661342732,4.203090733391256e-06
(AND (EVEN_1 IS_FLAT) (ODD_2 IS_UPRIGHT IS_BLOCK)),(OR (AT_LEAST_1 3 IS_YELLOW) (ODD_1 IS_UPRIGHT) var0),0.9334001510187591,2.3151565660218694,13632,0.9012539793868342,4.040395348530751e-06
(AND (EVEN_1 IS_FLAT) (ODD_2 IS_UPRIGHT IS_BLOCK)),(OR (EXACTLY_1 3 IS_VERTICAL) (ODD_1 IS_UPRIGHT) var0),0.940044843016949,2.3365233440199518,13745,0.9017078252657058,3.996190403752634e-06
(AND (EVEN_1 IS_FLAT) (ODD_2 IS_UPRIGHT IS_BLOCK)),(OR (ODD_1 IS_UPRIGHT) (EXACTLY_2 2 IS_YELLOW IS_HORIZONTAL) var0),1.1102519559999564,2.8512001380322545,16503,0.9115199968664877,3.1641555783342504e-06
(AND (EVEN_1 IS_FLAT) (ODD_2 IS_UPRIGHT IS_BLOCK)),(AND (ODD_1 IS_VERTICAL) (MORE_THAN IS_UPRIGHT IS_UPSIDE_DOWN) var0),1.8416372859246621,5.096458970989261,27632,0.9362637492560468,1.5833776526611535e-06
(AND (EVEN_1 IS_FLAT) (ODD_2 IS_UPRIGHT IS_BLOCK)),(AND (ODD_1 IS_VERTICAL) (AT_LEAST_1 1 IS_UPRIGHT) var0),1.9420010259054834,5.427396629000214,29164,0.9385922714533604,1.463975939140969e-06
(AND (EVEN_1 IS_FLAT) (ODD_2 IS_UPRIGHT IS_BLOCK)),(AND (EVEN_1 IS_FLAT) (ODD_2 IS_UPRIGHT IS_BLOCK) var0),2.0640114938832994,5.784050184998705,31046,0.9412310802947219,1.3435318466862763e-06
(AND (EVEN_1 IS_FLAT) (ODD_2 IS_UPRIGHT IS_BLOCK)),(OR (ODD_1 IS_UPRIGHT) (MORE_THAN IS_CHEESECAKE IS_BLUE) var0),2.1929825948664075,7.076202479004678,33108,0.9438694326833545,1.2205121705991294e-06
(AND (EVEN_1 IS_FLAT) (ODD_2 IS_UPRIGHT IS_BLOCK)),(AND (EVEN_1 IS_FLAT) (AT_LEAST_2 1 IS_UPRIGHT IS_BLOCK) var0),2.4748911879160005,8.005874350988961,37559,0.9488133945637871,1.004309367211412e-06
(EITHER_OR 1 3),(EITHER_OR 1 3 var0),0.00017370899968227604,0.0011597250013437588,5,0.0539101118038453,0.00466496758601546
(EITHER_OR 1 3),(EITHER_OR 3 1 var0),0.0002539019997129799,0.0017191320011988864,7,0.06302120029626888,0.004464105306396886
(EITHER_OR 1 3),(AND (EITHER_OR 1 3) ODD var0),0.8811193189985715,1.4306492400246498,13405,0.9003280812667098,4.121468889696062e-06
(EITHER_OR 1 3),(AND (EITHER_OR 3 1) ODD var0),2.023413016012455,3.6330540660956103,30881,0.9410084335808524,1.3551520821917386e-06
(EITHER_OR 1 3),(OR (AT_LEAST_1 3 IS_WEDGE) (EITHER_OR 1 3) var0),2.9650236779725674,5.516777693094809,45675,0.9557817846226708,7.360952588103348e-07
(EITHER_OR 1 3),(OR (EITHER_OR 1 3) (EVEN_2 IS_BLUE IS_BLOCK) var0),3.296658005925565,6.170078497149007,50964,0.9593322461049328,6.134167345172384e-07
(EITHER_OR 1 3),(OR (EXACTLY_1 2 IS_CHEESECAKE) (EITHER_OR 1 3) var0),3.4189445539113876,6.404742924146376,52975,0.9605316168299224,5.796462246770749e-07
(EITHER_OR 1 3),(OR (EITHER_OR 1 3) (MORE_THAN IS_PYRAMID IS_PYRAMID) var0),3.7018057189297906,6.946294555135864,57456,0.9629534680866063,5.020582628018972e-07
(EITHER_OR 1 3),(OR (EVEN_1 IS_CHEESECAKE) (EITHER_OR 1 3) var0),3.9151605069155266,7.348240770155826,60892,0.9645977692557886,4.5599405379667354e-07
(EITHER_OR 1 3),(OR (EXACTLY_1 3 IS_CHEESECAKE) (EITHER_OR 1 3) var0),4.064873894927587,7.639118300126029,63292,0.965654477093896,4.245215893532015e-07
(MORE_THAN IS_PYRAMID IS_BLOCK),(MORE_THAN IS_PYRAMID IS_BLOCK var0),0.0006491090016425005,0.0027420020014687907,14,0.09029386387692155,0.003623571787831442
(MORE_THAN IS_PYRAMID IS_BLOCK),(OR (EVEN_1 IS_RED) (MORE_THAN IS_PYRAMID IS_BLOCK) var0),0.1676157790097932,0.12009318802120106,2235,0.7814212796139886,4.030960680269848e-05
(MORE_THAN IS_PYRAMID IS_BLOCK),(OR (EVEN_1 IS_PYRAMID) (MORE_THAN IS_PYRAMID IS_BLOCK) var0),0.19328479500472895,0.15469475202007743,2581,0.7937985173159278,3.2097365222435e-05
(MORE_THAN IS_PYRAMID IS_BLOCK),(OR (EVEN_1 IS_UPRIGHT) (MORE_THAN IS_PYRAMID IS_BLOCK) var0),0.19634549900365528,0.1594367690204308,2624,0.7951644520114877,3.149398670521379e-05
(MORE_THAN IS_PYRAMID IS_BLOCK),(OR (EVEN_1 IS_VERTICAL) (MORE_THAN IS_PYRAMID IS_BLOCK) var0),0.24226757198812265,0.21039515402117104,3244,0.8118748590866435,2.3059209716683273e-05
(MORE_THAN IS_PYRAMID IS_BLOCK),(OR (EXACTLY_1 2 IS_PYRAMID) (MORE_THAN IS_PYRAMID IS_BLOCK) var0),0.26475767900046776,0.2336497610212973,3568,0.8188888844590294,2.029523332654464e-05
(MORE_THAN IS_PYRAMID IS_BLOCK),(OR (EVEN_1 IS_WEDGE) (MORE_THAN IS_PYRAMID IS_BLOCK) var0),0.31695327799297957,0.3001357260172881,4333,0.8324397389790948,1.5557755043996168e-05
(MORE_THAN IS_PYRAMID IS_BLOCK),(OR (EXACTLY_1 3 IS_PYRAMID) (MORE_THAN IS_PYRAMID IS_BLOCK) var0),0.3268135499856726,0.3151730920162663,4493,0.8348723881073703,1.486383304381685e-05
(MORE_THAN IS_PYRAMID IS_BLOCK),(OR (EXACTLY_1 3 IS_BLOCK) (MORE_THAN IS_PYRAMID IS_BLOCK) var0),0.45665081599508994,0.5005863240239705,6482,0.8583138817261639,9.441666531787208e-06
(MORE_THAN IS_PYRAMID IS_BLOCK),(OR (EXACTLY_1 2 IS_WEDGE) (MORE_THAN IS_PYRAMID IS_BLOCK) var0),0.5368588219835146,0.6159855310206694,7710,0.8687667072725109,7.660961882911388e-06
(AT_LEAST_2 3 IS_YELLOW IS_BLOCK),(AT_LEAST_1 3 IS_BLOCK var0),0.007406861995150393,0.02262604399857082,141,0.36974761776539156,0.0013042991787912033
(AT_LEAST_2 3 IS_YELLOW IS_BLOCK),(AT_LEAST_2 3 IS_YELLOW IS_BLOCK var0),0.010020757998063345,0.029390909996436676,187,0.42318407929108465,0.0010221953297178499
(AT_LEAST_2 3 IS_YELLOW IS_BLOCK),(AT_LEAST_2 2 IS_YELLOW IS_BLOCK var0),0.01316906700230902,0.03850797899849567,235,0.46674092968590264,0.0008402385856362277
(AT_LEAST_2 3 IS_YELLOW IS_BLOCK),(AT_LEAST_1 3 IS_YELLOW var0),0.013213739001912472,0.03915317799874174,236,0.46757605644836175,0.0008351267624591258
(AT_LEAST_2 3 IS_YELLOW IS_BLOCK),(OR (AT_LEAST_1 3 IS_BLOCK) (MORE_THAN IS_PYRAMID IS_BLOCK) var0),0.6482046600076501,2.1855464130130713,8570,0.8749741792704511,6.806414307139089e-06
(AT_LEAST_2 3 IS_YELLOW IS_BLOCK),(OR (AT_LEAST_1 3 IS_BLOCK) (EXACTLY_2 2 IS_BLUE IS_PYRAMID) var0),1.0857573009870976,3.5581535040555536,14577,0.9049113773009807,3.713681804827328e-06
(AT_LEAST_2 3 IS_YELLOW IS_BLOCK),(OR (AT_LEAST_1 3 IS_BLOCK) (MORE_THAN IS_PYRAMID IS_PYRAMID) var0),1.1097460999853865,3.647788441046032,14933,0.9062138441538315,3.6043021748278197e-06
(AT_LEAST_2 3 IS_YELLOW IS_BLOCK),(OR (AT_LEAST_1 3 IS_YELLOW) (MORE_THAN IS_PYRAMID IS_BLOCK) var0),1.1167625919833881,3.6698510680471372,15030,0.9065621962501306,3.5766716036959667e-06
(AT_LEAST_2 3 IS_YELLOW IS_BLOCK),(OR (AT_LEAST_1 3 IS_BLOCK) (EVEN_2 IS_BLUE IS_PYRAMID) var0),1.2496743059818982,4.128120188046523,17012,0.9130970982856003,3.034712450377908e-06
(AT_LEAST_2 3 IS_YELLOW IS_BLOCK),(OR (AT_LEAST_1 3 IS_BLOCK) (MORE_THAN IS_BLOCK IS_BLOCK) var0),1.283367531966178,4.223306050044812,17504,0.9145640258262993,2.9322177899344134e-06
(EXACTLY_INTERACTION 2 (ON_TOP_OF IS_PYRAMID IS_RED)),(EVEN_INTERACTION (ON_TOP_OF IS_PYRAMID IS_RED) var0),0.056352710997998656,0.0956031140021878,742,0.6534382250414925,0.00018269444169195264
(EXACTLY_INTERACTION 2 (ON_TOP_OF IS_PYRAMID IS_RED)),(AT_LEAST_INTERACTION 1 (TOUCHING IS_PYRAMID IS_RED) var0),0.06984805899810453,0.11027819300488773,894,0.6781735378180982,0.00014584350548500522
(EXACTLY_INTERACTION 2 (ON_TOP_OF IS_PYRAMID IS_RED)),(AT_LEAST_INTERACTION 2 (TOUCHING IS_PYRAMID IS_RED) var0),0.08518455500143318,0.1290789700105961,1059,0.699851690884728,0.0001188369191992522
(EXACTLY_INTERACTION 2 (ON_TOP_OF IS_PYRAMID IS_RED)),(AT_LEAST_INTERACTION 1 (ON_TOP_OF IS_PYRAMID IS_RED) var0),0.15505180400759855,0.20866593001210276,1853,0.7637562184863421,5.290850723711679e-05
(EXACTLY_INTERACTION 2 (ON_TOP_OF IS_PYRAMID IS_RED)),(AT_LEAST_INTERACTION 2 (ON_TOP_OF IS_PYRAMID IS_RED) var0),0.18317682401175261,0.25632166201012296,2144,0.7776296712213903,4.3111168910683794e-05
(EXACTLY_INTERACTION 2 (ON_TOP_OF IS_PYRAMID IS_RED)),(EXACTLY_INTERACTION 2 (ON_TOP_OF IS_PYRAMID IS_RED) var0),0.22347045799688203,0.3292681840030127,2588,0.794022888171959,3.200940433713372e-05
(EXACTLY_INTERACTION 2 (ON_TOP_OF IS_PYRAMID IS_RED)),(AND (EVEN_1 IS_PYRAMID) (AT_LEAST_1 2 IS_RED) var0),0.24501166000209196,0.37022798400539614,2841,0.8016386873990673,2.818203206959506e-05
(EXACTLY_INTERACTION 2 (ON_TOP_OF IS_PYRAMID IS_RED)),(AND (AT_LEAST_1 2 IS_RED) (MORE_THAN IS_PYRAMID IS_BLUE) var0),0.8920017549999102,2.4553800249950655,11554,0.8920555081572058,4.860156439350399e-06
(EXACTLY_INTERACTION 2 (ON_TOP_OF IS_PYRAMID IS_RED)),(OR (AT_LEAST_1 3 IS_RED) (ODD_2 IS_RED IS_CHEESECAKE) var0),0.9467085200085421,2.6616853779814846,12347,0.8957669133007042,4.510372388943177e-06
(EXACTLY_INTERACTION 2 (ON_TOP_OF IS_PYRAMID IS_RED)),(AT_LEAST_INTERACTION 1 (ON_TOP_OF IS_PYRAMID IS_GROUNDED) var0),0.9715165009984048,2.754705812982138,12676,0.8972298670566546,4.382488962256434e-06
(AT_LEAST_INTERACTION 1 (ON_TOP_OF IS_FLAT IS_UPSIDE_DOWN)),(ODD_INTERACTION (TOUCHING IS_UPSIDE_DOWN IS_HORIZONTAL) var0),0.13889061799363844,0.16541917500580894,1714,0.7560199912254232,5.966490185218168e-05
(AT_LEAST_INTERACTION 1 (ON_TOP_OF IS_FLAT IS_UPSIDE_DOWN)),(ODD_INTERACTION (ON_TOP_OF IS_FLAT IS_VERTICAL) var0),0.14932065899756708,0.17708694799785007,1827,0.7623705704832797,5.387497389426338e-05
(AT_LEAST_INTERACTION 1 (ON_TOP_OF IS_FLAT IS_UPSIDE_DOWN)),(EXACTLY_INTERACTION 1 (TOUCHING IS_UPSIDE_DOWN IS_HORIZONTAL) var0),0.18468581700381037,0.22345267400305602,2256,0.7822579254812111,3.958243516687809e-05
(AT_LEAST_INTERACTION 1 (ON_TOP_OF IS_FLAT IS_UPSIDE_DOWN)),(AT_LEAST_INTERACTION 1 (TOUCHING IS_UPSIDE_DOWN IS_HORIZONTAL) var0),0.19307527000273694,0.2349096410061975,2343,0.7855878703951407,3.7041439669163185e-05
(AT_LEAST_INTERACTION 1 (ON_TOP_OF IS_FLAT IS_UPSIDE_DOWN)),(ODD_INTERACTION (TOUCHING IS_UPSIDE_DOWN IS_FLAT) var0),0.21029590400485176,0.26350568500402005,2564,0.793251164263331,3.2281933239853876e-05
(AT_LEAST_INTERACTION 1 (ON_TOP_OF IS_FLAT IS_UPSIDE_DOWN)),(ODD_INTERACTION (ON_TOP_OF IS_FLAT IS_UPSIDE_DOWN) var0),0.2759693529924334,0.3765590459915984,3384,0.8150108888447597,2.1803739267544436e-05
(AT_LEAST_INTERACTION 1 (ON_TOP_OF IS_FLAT IS_UPSIDE_DOWN)),(EXACTLY_INTERACTION 1 (TOUCHING IS_UPSIDE_DOWN IS_FLAT) var0),0.2797947109893357,0.38461202199141553,3431,0.8160277442826026,2.141623450070721e-05
(AT_LEAST_INTERACTION 1 (ON_TOP_OF IS_FLAT IS_UPSIDE_DOWN)),(AT_LEAST_INTERACTION 1 (TOUCHING IS_UPSIDE_DOWN IS_FLAT) var0),0.2961019659960584,0.423785457996928,3599,0.8195140082919647,2.0041418746828577e-05
(AT_LEAST_INTERACTION 1 (ON_TOP_OF IS_FLAT IS_UPSIDE_DOWN)),(AT_LEAST_INTERACTION 1 (ON_TOP_OF IS_FLAT IS_VERTICAL) var0),0.40498207300606737,0.6791819879990726,5010,0.8420821908774581,1.3036020388203351e-05
(AT_LEAST_INTERACTION 1 (ON_TOP_OF IS_FLAT IS_UPSIDE_DOWN)),(ODD_INTERACTION (ON_TOP_OF IS_HORIZONTAL IS_UPSIDE_DOWN) var0),0.4407456550115967,0.7563711499860801,5486,0.8478904704830258,1.1529948785748176e-05
(OR (AT_LEAST_1 3 IS_HORIZONTAL) (MORE_THAN IS_YELLOW IS_UPSIDE_DOWN)),(OR (AT_LEAST_1 3 IS_HORIZONTAL) (MORE_THAN IS_YELLOW IS_UPSIDE_DOWN) var0),5.437293358152601,10.680012129823808,84495,0.9725398283413623,2.4561230343735173e-07
(OR (AT_LEAST_1 3 IS_HORIZONTAL) (MORE_THAN IS_YELLOW IS_UPSIDE_DOWN)),(OR (AT_LEAST_1 3 IS_FLAT) (MORE_THAN IS_YELLOW IS_UPSIDE_DOWN) var0),8.865908159012179,16.997726120714105,138733,0.9806479992710929,8.891862653172215e-08
(OR (AT_LEAST_1 3 IS_HORIZONTAL) (MORE_THAN IS_YELLOW IS_UPSIDE_DOWN)),(OR (EXACTLY_2 2 IS_BLUE IS_HORIZONTAL) (MORE_THAN IS_YELLOW IS_UPSIDE_DOWN) var0),12.036266551090193,21.160988109719256,184104,0.9836152726847823,4.822232344420687e-08
(OR (AT_LEAST_1 3 IS_HORIZONTAL) (MORE_THAN IS_YELLOW IS_UPSIDE_DOWN)),(OR (EVEN_2 IS_BLUE IS_FLAT) (MORE_THAN IS_YELLOW IS_UPSIDE_DOWN) var0),29.108058233996417,45.05304390376568,422584,0.9888273948631257,1.0804007655109727e-08
(OR (AT_LEAST_1 3 IS_HORIZONTAL) (MORE_THAN IS_YELLOW IS_UPSIDE_DOWN)),(OR (EVEN_2 IS_BLUE IS_HORIZONTAL) (MORE_THAN IS_YELLOW IS_UPSIDE_DOWN) var0),34.81826116891807,52.3171506946901,501813,0.989578771615349,8.364902458205247e-09
(OR (AT_LEAST_1 3 IS_HORIZONTAL) (MORE_THAN IS_YELLOW IS_UPSIDE_DOWN)),(OR (EXACTLY_2 2 IS_BLUE IS_FLAT) (MORE_THAN IS_YELLOW IS_UPSIDE_DOWN) var0),74.35768740434105,111.78402118035774,1091481,0.9923992500848338,2.8681503351977113e-09
(OR (AT_LEAST_1 3 IS_HORIZONTAL) (MORE_THAN IS_YELLOW IS_UPSIDE_DOWN)),(OR (ODD_INTERACTION (POINTING IS_BLUE IS_HORIZONTAL)) (MORE_THAN IS_YELLOW IS_UPSIDE_DOWN) var0),111.83215948522775,162.80057850849516,1693369,0.9936568506391024,1.533565791027802e-09
(ODD_INTERACTION (TOUCHING IS_CHEESECAKE IS_PYRAMID)),(OR (EVEN_1 IS_RED) (ODD_1 IS_CHEESECAKE) var0),0.16583160395202867,0.16144151298612996,2441,0.7891093781652361,3.492926135847296e-05
(ODD_INTERACTION (TOUCHING IS_CHEESECAKE IS_PYRAMID)),(ODD_INTERACTION (TOUCHING IS_CHEESECAKE IS_PYRAMID) var0),0.17211967295588693,0.1759998139914387,2530,0.7921400737791178,3.3141432708804504e-05
(ODD_INTERACTION (TOUCHING IS_CHEESECAKE IS_PYRAMID)),(EXACTLY_INTERACTION 1 (TOUCHING IS_CHEESECAKE IS_PYRAMID) var0),0.22696851294131193,0.2564996209948731,3362,0.8145287081275586,2.198643709803974e-05
(ODD_INTERACTION (TOUCHING IS_CHEESECAKE IS_PYRAMID)),(AT_LEAST_INTERACTION 1 (TOUCHING IS_CHEESECAKE IS_PYRAMID) var0),0.23839723194578255,0.27843019000283675,3545,0.8184194240588366,2.0575017172980156e-05
(ODD_INTERACTION (TOUCHING IS_CHEESECAKE IS_PYRAMID)),(OR (ODD_1 IS_CHEESECAKE) (ODD_2 IS_BLUE IS_CHEESECAKE) var0),0.37402806991485704,0.552841140955934,5848,0.8519291528545924,1.077096340577647e-05
(ODD_INTERACTION (TOUCHING IS_CHEESECAKE IS_PYRAMID)),(OR (ODD_1 IS_CHEESECAKE) (MORE_THAN IS_PYRAMID IS_YELLOW) var0),0.49225021798702073,0.7991044460122794,7853,0.8698515389329459,7.5123357028197544e-06
(ODD_INTERACTION (TOUCHING IS_CHEESECAKE IS_PYRAMID)),(OR (EXACTLY_1 1 IS_CHEESECAKE) (EVEN_1 IS_RED) var0),0.6653944969912118,1.1939933720132103,10835,0.8884404494854937,5.210247349504267e-06
(ODD_INTERACTION (TOUCHING IS_CHEESECAKE IS_PYRAMID)),(OR (EVEN_1 IS_RED) (ODD_2 IS_HORIZONTAL IS_CHEESECAKE) var0),0.7243217360082781,1.3163951370224822,11887,0.893648837224706,4.705286730181976e-06
(ODD_INTERACTION (TOUCHING IS_CHEESECAKE IS_PYRAMID)),(OR (EXACTLY_1 2 IS_RED) (ODD_1 IS_CHEESECAKE) var0),0.7848126780427265,1.4673557670175796,12988,0.8985798818649751,4.26893744374164e-06
(ODD_INTERACTION (TOUCHING IS_CHEESECAKE IS_PYRAMID)),(OR (ODD_1 IS_CHEESECAKE) (MORE_THAN IS_BLUE IS_FLAT) var0),0.9686350890970061,1.8873028340331075,16336,0.9109875400040242,3.2122737138258546e-06
(AND (AT_LEAST_1 3 IS_PYRAMID) (ODD_1 IS_HORIZONTAL)),(EXACTLY_1 3 IS_PYRAMID var0),0.012422222007444361,0.022633780010437476,237,0.46840693907573694,0.000830882627375205
(AND (AT_LEAST_1 3 IS_PYRAMID) (ODD_1 IS_HORIZONTAL)),(AT_LEAST_1 3 IS_PYRAMID var0),0.0800067330183083,0.08598869301386003,1214,0.7168498111118858,0.00010073287536922514
(AND (AT_LEAST_1 3 IS_PYRAMID) (ODD_1 IS_HORIZONTAL)),(AND (EXACTLY_1 3 IS_PYRAMID) (EXACTLY_1 3 IS_PYRAMID) var0),0.28978294601256493,0.42719608701554534,4361,0.8328738853881221,1.5431304036421766e-05
(AND (AT_LEAST_1 3 IS_PYRAMID) (ODD_1 IS_HORIZONTAL)),(AND (EXACTLY_1 3 IS_PYRAMID) (MORE_THAN IS_PYRAMID IS_BLOCK) var0),0.31205164801576757,0.4841873200148257,4741,0.8384502160004589,1.3949468761519011e-05
(AND (AT_LEAST_1 3 IS_PYRAMID) (ODD_1 IS_HORIZONTAL)),(AND (ODD_1 IS_PYRAMID) (EXACTLY_1 3 IS_PYRAMID) var0),0.31846683202638815,0.49941954702080693,4851,0.8399652067687836,1.357963211171792e-05
(AND (AT_LEAST_1 3 IS_PYRAMID) (ODD_1 IS_HORIZONTAL)),(OR (EXACTLY_1 3 IS_PYRAMID) (EXACTLY_2 2 IS_BLUE IS_PYRAMID) var0),0.4639800819913944,0.8673300090722478,7346,0.8658972359033791,8.109930402990062e-06
(AND (AT_LEAST_1 3 IS_PYRAMID) (ODD_1 IS_HORIZONTAL)),(OR (EXACTLY_1 3 IS_PYRAMID) (MORE_THAN IS_PYRAMID IS_PYRAMID) var0),0.47390964901205734,0.8939140200582187,7534,0.8673996523469177,7.871067400336537e-06
(AND (AT_LEAST_1 3 IS_PYRAMID) (ODD_1 IS_HORIZONTAL)),(OR (EXACTLY_1 3 IS_PYRAMID) (EVEN_1 IS_YELLOW) var0),0.5081417350211268,0.9864694910738763,8136,0.871935104585843,7.199769970793207e-06
(AND (AT_LEAST_1 3 IS_PYRAMID) (ODD_1 IS_HORIZONTAL)),(OR (EXACTLY_1 3 IS_PYRAMID) (EVEN_2 IS_BLUE IS_PYRAMID) var0),0.5443841960022837,1.0843665810953098,8780,0.8763852889180859,6.62719857518773e-06
(AND (AT_LEAST_1 3 IS_PYRAMID) (ODD_1 IS_HORIZONTAL)),(OR (EXACTLY_1 3 IS_PYRAMID) (EXACTLY_2 2 IS_BLUE IS_HORIZONTAL) var0),0.544438530001571,1.0862096300952544,8781,0.876391915842809,6.626924723046524e-06
(ODD_2 IS_RED IS_HORIZONTAL),(ODD_2 IS_RED IS_HORIZONTAL var0),0.008684371001436375,0.015406972990604118,173,0.4083416269850972,0.001111163154779513
(ODD_2 IS_RED IS_HORIZONTAL),(OR (EVEN_1 IS_UPSIDE_DOWN) (ODD_2 IS_RED IS_HORIZONTAL) var0),1.1009436999138416,1.9957216480579518,18438,0.9172109206739818,2.7384379566650292e-06
(ODD_2 IS_RED IS_HORIZONTAL),(OR (EXACTLY_1 3 IS_PYRAMID) (ODD_2 IS_RED IS_HORIZONTAL) var0),1.1776562559043668,2.1576132220088766,19814,0.9208037926798437,2.489987132699736e-06
(ODD_2 IS_RED IS_HORIZONTAL),(OR (EXACTLY_1 2 IS_CHEESECAKE) (ODD_2 IS_RED IS_HORIZONTAL) var0),1.5215156178874167,2.9056112279813533,25962,0.9334969491899351,1.7283091320763326e-06
(ODD_2 IS_RED IS_HORIZONTAL),(OR (EVEN_1 IS_CHEESECAKE) (ODD_2 IS_RED IS_HORIZONTAL) var0),1.7928009917523013,3.4658363070047926,30806,0.9409066109189975,1.3596201507020128e-06
(ODD_2 IS_RED IS_HORIZONTAL),(OR (EXACTLY_1 3 IS_CHEESECAKE) (ODD_2 IS_RED IS_HORIZONTAL) var0),1.8755127057302161,3.6521462660020916,32278,0.9428373703164137,1.2657798988537344e-06
(ODD_2 IS_RED IS_HORIZONTAL),(OR (EXACTLY_1 2 IS_UPSIDE_DOWN) (ODD_2 IS_RED IS_HORIZONTAL) var0),1.927770512729694,3.754222816989568,33188,0.9439669052932235,1.2166681630361359e-06
(ODD_2 IS_RED IS_HORIZONTAL),(AND (AT_LEAST_1 1 IS_RED) (ODD_2 IS_RED IS_HORIZONTAL) var0),2.2418749607295467,4.443601135066274,38791,0.9500164324773182,9.512312917543646e-07
(ODD_2 IS_RED IS_HORIZONTAL),(OR (AT_LEAST_1 2 IS_CHEESECAKE) (ODD_2 IS_RED IS_HORIZONTAL) var0),2.3619645186954585,4.6944721211093565,40908,0.9519512974272936,8.788196284299789e-07
(ODD_2 IS_RED IS_HORIZONTAL),(OR (EXACTLY_1 1 IS_VERTICAL) (ODD_2 IS_RED IS_HORIZONTAL) var0),3.22764805370025,6.547409018099643,55876,0.9621400741793129,5.28544727988712e-07
(MORE_THAN IS_BLUE IS_VERTICAL),(MORE_THAN IS_BLUE IS_VERTICAL var0),0.041937009013054194,0.052082443979088566,664,0.6381487326854127,0.00020740109033973682
(MORE_THAN IS_BLUE IS_VERTICAL),(OR (ODD_1 IS_PYRAMID) (MORE_THAN IS_BLUE IS_VERTICAL) var0),2.402170843048225,4.834671545020683,37610,0.948864546380608,1.0015729291729074e-06
(MORE_THAN IS_BLUE IS_VERTICAL),(OR (EVEN_1 IS_PYRAMID) (MORE_THAN IS_BLUE IS_VERTICAL) var0),2.5624451910134667,5.175675888984188,40236,0.9513536593268019,9.004303097071968e-07
(MORE_THAN IS_BLUE IS_VERTICAL),(OR (EXACTLY_1 2 IS_PYRAMID) (MORE_THAN IS_BLUE IS_VERTICAL) var0),3.3775881160199788,6.924668242989355,53588,0.9608836367649849,5.693440288060524e-07
(MORE_THAN IS_BLUE IS_VERTICAL),(OR (EXACTLY_1 3 IS_PYRAMID) (MORE_THAN IS_BLUE IS_VERTICAL) var0),4.042976447944966,8.298694192149924,63936,0.9659253658605472,4.169764620344977e-07
(MORE_THAN IS_BLUE IS_VERTICAL),(OR (EXACTLY_1 1 IS_PYRAMID) (MORE_THAN IS_BLUE IS_VERTICAL) var0),4.304866358910658,8.832690868115606,68234,0.9676178218353009,3.718998638636528e-07
(MORE_THAN IS_BLUE IS_VERTICAL),(OR (AT_LEAST_1 3 IS_RED) (MORE_THAN IS_BLUE IS_VERTICAL) var0),4.316375120904922,8.85863912610148,68434,0.9676920000511213,3.699547664505176e-07
(MORE_THAN IS_BLUE IS_VERTICAL),(OR (AT_LEAST_1 3 IS_WEDGE) (MORE_THAN IS_BLUE IS_VERTICAL) var0),4.329999405903436,8.888204065089667,68658,0.9677745845434975,3.6754191248555054e-07
(MORE_THAN IS_BLUE IS_VERTICAL),(OR (EXACTLY_1 3 IS_BLUE) (MORE_THAN IS_BLUE IS_VERTICAL) var0),4.401024312886875,9.036641935123043,69788,0.9681833304610951,3.562243206438891e-07
(MORE_THAN IS_BLUE IS_VERTICAL),(OR (EXACTLY_1 2 IS_CHEESECAKE) (MORE_THAN IS_BLUE IS_VERTICAL) var0),4.8922330027799035,10.013086890146951,77888,0.9707813017383775,2.89424880044955e-07
(ODD_2 IS_YELLOW IS_HORIZONTAL),(ODD_2 IS_YELLOW IS_HORIZONTAL var0),0.006978183011597139,0.011821640018752078,132,0.3576207784848626,0.0014098041065654398
(ODD_2 IS_YELLOW IS_HORIZONTAL),(EXACTLY_2 1 IS_YELLOW IS_HORIZONTAL var0),0.04048605101525027,0.0434930920109764,604,0.6250053560699718,0.00023090775260809136
(ODD_2 IS_YELLOW IS_HORIZONTAL),(OR (ODD_1 IS_CHEESECAKE) (AT_LEAST_2 1 IS_YELLOW IS_FLAT) var0),0.28761994297019555,0.30441985704601393,3927,0.8256689158377954,1.7736379258986003e-05
(ODD_2 IS_YELLOW IS_HORIZONTAL),(OR (EVEN_1 IS_YELLOW) (AT_LEAST_2 1 IS_YELLOW IS_FLAT) var0),0.29144945697953517,0.31123182204464683,3988,0.8267411543220698,1.740621025158091e-05
(ODD_2 IS_YELLOW IS_HORIZONTAL),(OR (EXACTLY_1 1 IS_CHEESECAKE) (AT_LEAST_2 1 IS_YELLOW IS_FLAT) var0),0.7987287480082159,1.2548361711214966,12014,0.8942424539464137,4.644791266935447e-06
(ODD_2 IS_YELLOW IS_HORIZONTAL),(OR (EVEN_1 IS_FLAT) (ODD_2 IS_YELLOW IS_HORIZONTAL) var0),0.8227452760456799,1.3061686700857535,12418,0.8960863096642504,4.4851860019787205e-06
(ODD_2 IS_YELLOW IS_HORIZONTAL),(OR (EXACTLY_1 2 IS_YELLOW) (AT_LEAST_2 1 IS_YELLOW IS_FLAT) var0),0.9871414230801747,1.635679935088774,15077,0.9067299301436462,3.5634624890983766e-06
(ODD_2 IS_YELLOW IS_HORIZONTAL),(OR (ODD_1 IS_CHEESECAKE) (ODD_2 IS_YELLOW IS_HORIZONTAL) var0),1.1317211240602774,1.9358985531052895,17417,0.9143081474375249,2.9501312632758214e-06
(ODD_2 IS_YELLOW IS_HORIZONTAL),(OR (EVEN_1 IS_YELLOW) (ODD_2 IS_YELLOW IS_HORIZONTAL) var0),1.1470808450449113,1.9657739900994784,17678,0.9150709096018892,2.8952135206696458e-06
(ODD_2 IS_YELLOW IS_HORIZONTAL),(OR (EVEN_1 IS_UPSIDE_DOWN) (ODD_2 IS_YELLOW IS_HORIZONTAL) var0),1.5769951020574808,2.839050471116934,24374,0.9306399825709263,1.8740138964740939e-06
(MORE_THAN IS_WEDGE IS_PYRAMID),(MORE_THAN IS_WEDGE IS_PYRAMID var0),0.005698347000361537,0.012003529984212946,113,0.32923736365588313,0.0015905049427787192
(MORE_THAN IS_WEDGE IS_PYRAMID),(OR (AT_LEAST_1 2 IS_WEDGE) (MORE_THAN IS_WEDGE IS_PYRAMID) var0),0.2883277210967208,0.3289358979091048,3866,0.8245777642304166,1.8086890163622277e-05
(MORE_THAN IS_WEDGE IS_PYRAMID),(OR (EVEN_1 IS_PYRAMID) (MORE_THAN IS_WEDGE IS_PYRAMID) var0),0.33018623907264555,0.40743630690667487,4498,0.8349466843569588,1.4856562365954653e-05
(MORE_THAN IS_WEDGE IS_PYRAMID),(OR (ODD_1 IS_CHEESECAKE) (MORE_THAN IS_WEDGE IS_PYRAMID) var0),0.39149332004126336,0.5415321499385755,5340,0.8461793568537295,1.191116116331674e-05
(MORE_THAN IS_WEDGE IS_PYRAMID),(OR (EXACTLY_1 2 IS_PYRAMID) (MORE_THAN IS_WEDGE IS_PYRAMID) var0),0.47733306106783857,0.7097567779546807,6512,0.858596349575099,9.393836458472332e-06
(MORE_THAN IS_WEDGE IS_PYRAMID),(OR (EVEN_1 IS_UPSIDE_DOWN) (MORE_THAN IS_WEDGE IS_PYRAMID) var0),0.5587896780762094,0.8919866539436043,7799,0.869444288918201,7.566335037720369e-06
(MORE_THAN IS_WEDGE IS_PYRAMID),(OR (EVEN_1 IS_WEDGE) (MORE_THAN IS_WEDGE IS_PYRAMID) var0),0.5790253300838231,0.9409502479484217,8131,0.8718991028245816,7.201050817835324e-06
(MORE_THAN IS_WEDGE IS_PYRAMID),(OR (AT_LEAST_1 3 IS_WEDGE) (MORE_THAN IS_WEDGE IS_PYRAMID) var0),0.6604055080642866,1.1198770158971456,9471,0.8807662816956794,6.064222057028991e-06
(MORE_THAN IS_WEDGE IS_PYRAMID),(OR (EXACTLY_1 3 IS_BLUE) (MORE_THAN IS_WEDGE IS_PYRAMID) var0),0.6769674790702993,1.1607427288909093,9762,0.8825034141302507,5.877488550598339e-06
(MORE_THAN IS_WEDGE IS_PYRAMID),(OR (EXACTLY_1 2 IS_CHEESECAKE) (MORE_THAN IS_WEDGE IS_PYRAMID) var0),0.8004819480302103,1.4511219538762816,11745,0.8929755952474691,4.77533767387845e-06
(OR (EVEN_1 IS_PYRAMID) (MORE_THAN IS_WEDGE IS_YELLOW)),(OR (EVEN_1 IS_PYRAMID) (MORE_THAN IS_WEDGE IS_YELLOW) var0),0.47304521097248653,0.5427026120050868,7297,0.8654976654673963,8.190027314704593e-06
(OR (EVEN_1 IS_PYRAMID) (MORE_THAN IS_WEDGE IS_YELLOW)),(OR (EXACTLY_1 2 IS_PYRAMID) (MORE_THAN IS_WEDGE IS_YELLOW) var0),0.6865442309826904,0.8969395399562927,10895,0.8887520509521075,5.1785719528942006e-06
(OR (EVEN_1 IS_PYRAMID) (MORE_THAN IS_WEDGE IS_YELLOW)),(OR (AT_LEAST_1 2 IS_PYRAMID) (MORE_THAN IS_WEDGE IS_YELLOW) var0),1.8652066509839642,2.9268084649193042,30681,0.9407362111117814,1.3667606208295748e-06
(OR (EVEN_1 IS_PYRAMID) (MORE_THAN IS_WEDGE IS_YELLOW)),(OR (EVEN_2 IS_GROUNDED IS_PYRAMID) (MORE_THAN IS_WEDGE IS_YELLOW) var0),36.34690910248719,49.577906113743666,552726,0.9899761513681586,7.285507336796445e-09
(OR (EVEN_1 IS_PYRAMID) (MORE_THAN IS_WEDGE IS_YELLOW)),(OR (EXACTLY_2 2 IS_GROUNDED IS_PYRAMID) (MORE_THAN IS_WEDGE IS_YELLOW) var0),40.48202450921781,54.32301466097124,618046,0.9904165999292875,6.243521486804478e-09
(OR (EVEN_1 IS_PYRAMID) (MORE_THAN IS_WEDGE IS_YELLOW)),(OR (AT_LEAST_2 2 IS_GROUNDED IS_PYRAMID) (MORE_THAN IS_WEDGE IS_YELLOW) var0),117.45512312484243,151.7273311204135,1803571,0.993818111852789,1.3965396877381136e-09
(AT_LEAST_2 1 IS_BLUE IS_BLOCK),(AT_LEAST_2 1 IS_BLUE IS_BLOCK var0),0.029756956002529478,0.04716790900420165,448,0.5807440793609824,0.00034900287326623667
(AT_LEAST_2 1 IS_BLUE IS_BLOCK),(OR (EXACTLY_1 3 IS_VERTICAL) (ODD_2 IS_BLUE IS_BLOCK) var0),1.5466442798624485,3.632872607991885,22909,0.9277742178530067,2.040945408200738e-06
(AT_LEAST_2 1 IS_BLUE IS_BLOCK),(OR (ODD_2 IS_BLUE IS_BLOCK) (EVEN_2 IS_BLUE IS_BLOCK) var0),4.5041132388123515,11.134751252930073,65134,0.9664168190793584,4.0389303726669225e-07
(AT_LEAST_2 1 IS_BLUE IS_BLOCK),(OR (EXACTLY_1 3 IS_PYRAMID) (AT_LEAST_2 1 IS_BLUE IS_BLOCK) var0),9.637089945023035,22.51917526093166,142715,0.9809910942970336,8.355827983602376e-08
(AT_LEAST_2 1 IS_BLUE IS_BLOCK),(OR (AT_LEAST_1 3 IS_RED) (AT_LEAST_2 1 IS_BLUE IS_BLOCK) var0),10.183002434047012,23.584323086064614,151005,0.9816443687118233,7.413559689044147e-08
(AT_LEAST_2 1 IS_BLUE IS_BLOCK),(OR (EXACTLY_1 3 IS_BLUE) (AT_LEAST_2 1 IS_BLUE IS_BLOCK) var0),10.343214630007424,23.885391100060588,153518,0.9818272238253681,7.138410480900706e-08
(AT_LEAST_2 1 IS_BLUE IS_BLOCK),(OR (EXACTLY_1 2 IS_CHEESECAKE) (AT_LEAST_2 1 IS_BLUE IS_BLOCK) var0),11.303930692965878,25.642676930048765,168429,0.9827865284603634,5.7998131845236205e-08
(AT_LEAST_2 1 IS_BLUE IS_BLOCK),(OR (EVEN_1 IS_CHEESECAKE) (AT_LEAST_2 1 IS_BLUE IS_BLOCK) var0),12.655283146670627,28.04295168614226,188979,0.9838439282938117,4.562575112397578e-08
(AT_LEAST_2 1 IS_BLUE IS_BLOCK),(OR (EXACTLY_1 3 IS_CHEESECAKE) (AT_LEAST_2 1 IS_BLUE IS_BLOCK) var0),13.075183021626799,28.80010675119047,195505,0.9841311089436677,4.247670054984484e-08
(AT_LEAST_2 1 IS_BLUE IS_BLOCK),(OR (EXACTLY_1 3 IS_UPSIDE_DOWN) (AT_LEAST_2 1 IS_BLUE IS_BLOCK) var0),15.619369186550102,33.22847261207062,234624,0.9855231733517333,2.990207330300364e-08
(ODD_2 IS_YELLOW IS_GROUNDED),(ODD_2 IS_YELLOW IS_GROUNDED var0),0.004148971000176971,0.009267930992791662,84,0.279450239679401,0.0019298007528599323
(ODD_2 IS_YELLOW IS_GROUNDED),(EXACTLY_2 1 IS_YELLOW IS_GROUNDED var0),0.009295318997828872,0.0192320039968763,178,0.41380918232907815,0.0010723860213276031
(ODD_2 IS_YELLOW IS_GROUNDED),(OR (EVEN_1 IS_RED) (ODD_2 IS_YELLOW IS_GROUNDED) var0),2.5138008339654334,5.069693137193099,37297,0.9485488578005182,1.0160728456112996e-06
(ODD_2 IS_YELLOW IS_GROUNDED),(OR (EVEN_1 IS_FLAT) (ODD_2 IS_YELLOW IS_GROUNDED) var0),2.555832672967881,5.173384497191364,37952,0.9492043144581429,9.861899120642415e-07
(ODD_2 IS_YELLOW IS_GROUNDED),(OR (EVEN_1 IS_UPSIDE_DOWN) (ODD_2 IS_YELLOW IS_GROUNDED) var0),4.284285670019017,8.944544322921502,64377,0.9661081127330425,4.120528332505309e-07
(ODD_2 IS_YELLOW IS_GROUNDED),(OR (EXACTLY_1 3 IS_PYRAMID) (ODD_2 IS_YELLOW IS_GROUNDED) var0),4.542691195045336,9.476923178901416,67943,0.9675092090748421,3.7466843106272166e-07
(ODD_2 IS_YELLOW IS_GROUNDED),(OR (EXACTLY_1 3 IS_BLUE) (ODD_2 IS_YELLOW IS_GROUNDED) var0),4.949461783086008,10.342273446933177,73751,0.9695221903966856,3.200804349262952e-07
(ODD_2 IS_YELLOW IS_GROUNDED),(OR (EXACTLY_1 2 IS_CHEESECAKE) (ODD_2 IS_YELLOW IS_GROUNDED) var0),5.525042739143828,11.505943194917563,82004,0.9719106084240621,2.6005872175103323e-07
(ODD_2 IS_YELLOW IS_GROUNDED),(OR (EXACTLY_1 3 IS_BLOCK) (ODD_2 IS_YELLOW IS_GROUNDED) var0),5.799842646094476,12.066745646972777,85939,0.9728889768166757,2.3799341499961688e-07
(ODD_2 IS_YELLOW IS_GROUNDED),(OR (EXACTLY_1 3 IS_CHEESECAKE) (ODD_2 IS_YELLOW IS_GROUNDED) var0),6.465460889166934,13.429528561000552,96209,0.9750698142184157,1.9046193554424607e-07
(EXACTLY_1 3 IS_HORIZONTAL),(EXACTLY_1 3 IS_HORIZONTAL var0),0.005259024001134094,0.011710832008247962,102,0.3112966264100035,0.0016844230664373862
(EXACTLY_1 3 IS_HORIZONTAL),(OR (EXACTLY_1 3 IS_HORIZONTAL) (EVEN_1 IS_FLAT) var0),1.2979522342029668,2.8348112230960396,18802,0.9181949868092003,2.67223139303008e-06
(EXACTLY_1 3 IS_HORIZONTAL),(OR (EXACTLY_1 3 IS_HORIZONTAL) (EVEN_2 IS_BLUE IS_BLOCK) var0),1.4380722952137148,3.2116204761459812,20949,0.9235197738208719,2.3040424097603123e-06
(EXACTLY_1 3 IS_HORIZONTAL),(OR (EXACTLY_1 3 IS_HORIZONTAL) (EVEN_1 IS_PYRAMID) var0),1.4914370592141495,3.355874104114264,21753,0.9253263185948755,2.1922959073438825e-06
(EXACTLY_1 3 IS_HORIZONTAL),(OR (EXACTLY_1 3 IS_HORIZONTAL) (EVEN_1 IS_BLUE) var0),1.5178044532040076,3.4358176381156227,22147,0.9261798827317129,2.1436661223282384e-06
(EXACTLY_1 3 IS_HORIZONTAL),(OR (EXACTLY_1 3 IS_HORIZONTAL) (EXACTLY_2 2 IS_BLUE IS_PYRAMID) var0),1.628120620163827,3.7608595361725747,23754,0.9294570038128376,1.9429985052567965e-06
(EXACTLY_1 3 IS_HORIZONTAL),(OR (EXACTLY_1 3 IS_HORIZONTAL) (MORE_THAN IS_PYRAMID IS_PYRAMID) var0),1.6634845531661995,3.8555780541646527,24279,0.9304613817814259,1.8857720785196947e-06
(EXACTLY_1 3 IS_HORIZONTAL),(OR (EXACTLY_1 3 IS_HORIZONTAL) (EVEN_2 IS_BLUE IS_PYRAMID) var0),1.8851839971830486,4.456403261159721,27577,0.9361765498595966,1.5877616960282202e-06
(EXACTLY_1 3 IS_HORIZONTAL),(OR (EXACTLY_1 3 IS_HORIZONTAL) (EXACTLY_2 2 IS_BLUE IS_HORIZONTAL) var0),1.8852630341825716,4.458168162158472,27578,0.9361781375556916,1.587696094972824e-06
(EXACTLY_1 3 IS_HORIZONTAL),(OR (EXACTLY_1 3 IS_HORIZONTAL) (MORE_THAN IS_BLOCK IS_BLOCK) var0),1.9259972191630368,4.578556215154094,28190,0.9371329912964877,1.5341365257843623e-06
(EXACTLY_2 3 IS_BLUE IS_VERTICAL),(AT_LEAST_1 3 IS_BLUE var0),0.008272098997622379,0.018962865022331243,152,0.3836816662600993,0.0012516414886765556
(EXACTLY_2 3 IS_BLUE IS_VERTICAL),(AT_LEAST_1 2 IS_BLUE var0),0.014744391995918704,0.03448464302709908,242,0.472526358239543,0.0008170175003844739
(EXACTLY_2 3 IS_BLUE IS_VERTICAL),(EXACTLY_2 3 IS_BLUE IS_VERTICAL var0),0.03149490199575666,0.0634073110340978,461,0.5852220562992354,0.00033974820707826546
(EXACTLY_2 3 IS_BLUE IS_VERTICAL),(EVEN_INTERACTION (TOUCHING IS_VERTICAL IS_BLUE) var0),0.03938721698432346,0.07304488202862558,558,0.6137716335929917,0.0002581592614038003
(EXACTLY_2 3 IS_BLUE IS_VERTICAL),(AT_LEAST_2 2 IS_BLUE IS_GROUNDED var0),0.0880022730143537,0.11931201402148872,1117,0.7065461037046487,0.00011200700377168349
(EXACTLY_2 3 IS_BLUE IS_VERTICAL),(AT_LEAST_INTERACTION 1 (TOUCHING IS_UPRIGHT IS_BLUE) var0),0.09023356301986496,0.1226981470172177,1143,0.7094133829472571,0.00010868587354351707
(EXACTLY_2 3 IS_BLUE IS_VERTICAL),(AT_LEAST_INTERACTION 1 (TOUCHING IS_VERTICAL IS_BLUE) var0),0.12477926801693684,0.16092517401557416,1573,0.7469843508484768,6.865848903745056e-05
(EXACTLY_2 3 IS_BLUE IS_VERTICAL),(AT_LEAST_INTERACTION 2 (TOUCHING IS_VERTICAL IS_BLUE) var0),0.1419252080268052,0.1848911680153833,1772,0.7593547502391785,5.594464619423956e-05
(EXACTLY_2 3 IS_BLUE IS_VERTICAL),(AT_LEAST_2 3 IS_VERTICAL IS_BLUE var0),0.3322007690421742,0.5481831280194456,4223,0.8306925352372507,1.620614867555945e-05
(EXACTLY_2 3 IS_BLUE IS_VERTICAL),(AT_LEAST_2 2 IS_VERTICAL IS_BLUE var0),0.38083120603732823,0.7031374820035126,4934,0.8410804564563166,1.3321359475904782e-05
(EXACTLY_2 3 IS_CHEESECAKE IS_WEDGE),(ODD_1 IS_CHEESECAKE var0),0.0018869989980885293,0.00417579899658449,30,0.1457698154602542,0.0033377755880080813
(EXACTLY_2 3 IS_CHEESECAKE IS_WEDGE),(MORE_THAN IS_WEDGE IS_BLOCK var0),0.004249651005011401,0.008421876000284101,74,0.2595114272773428,0.0020895059440337463
(EXACTLY_2 3 IS_CHEESECAKE IS_WEDGE),(MORE_THAN IS_WEDGE IS_BLUE var0),0.004350443005023408,0.009790563000933616,76,0.26357457800680517,0.0020231137597970864
(EXACTLY_2 3 IS_CHEESECAKE IS_WEDGE),(MORE_THAN IS_CHEESECAKE IS_BLOCK var0),0.00520704900372948,0.01253232300041418,90,0.2904440491741324,0.00179834135602211
(EXACTLY_2 3 IS_CHEESECAKE IS_WEDGE),(MORE_THAN IS_WEDGE IS_FLAT var0),0.005308278003212763,0.013861703999282327,92,0.2940160589584116,0.001785741483115634
(EXACTLY_2 3 IS_CHEESECAKE IS_WEDGE),(MORE_THAN IS_WEDGE IS_YELLOW var0),0.006165857001178665,0.017477970000982168,110,0.3244544024701199,0.001604642058029849
(EXACTLY_2 3 IS_CHEESECAKE IS_WEDGE),(MORE_THAN IS_WEDGE IS_PYRAMID var0),0.006326224998701946,0.018954113998916,113,0.32923736365588313,0.0015905049427787192
(EXACTLY_2 3 IS_CHEESECAKE IS_WEDGE),(MORE_THAN IS_CHEESECAKE IS_YELLOW var0),0.0074567879983078456,0.0228850789990247,133,0.3590018198658681,0.0013810413810054721
(EXACTLY_2 3 IS_CHEESECAKE IS_WEDGE),(MORE_THAN IS_CHEESECAKE IS_PYRAMID var0),0.007547737999630044,0.024685170999873662,135,0.36174943348424066,0.001368874218196699
(EXACTLY_2 3 IS_CHEESECAKE IS_WEDGE),(MORE_THAN IS_WEDGE IS_UPRIGHT var0),0.008092391000900534,0.02638192800077377,144,0.37358901928740973,0.0012752330098545139
